Done. Written to `briefing/heartbeat-today.md`. Key takeaways:

- **Google auth is broken** for 2 days -- calendar/email checks can't run until you re-authenticate
- **16 commits yesterday** all around FB campaign matching & whitespace normalization
- You have a **modified debug route** and **untracked `z-logs/`** in your working tree
- 2 stashes and 2 idle feature branches sitting around
Done. Written to `briefing/heartbeat-today.md`. Key takeaways:

- **Google auth still broken** — needs re-authentication (3+ days now)
- **20 commits since Feb 19** — heavy work on FB/Google matching and normalization
- **Cleanup opportunity** — google-matching debug endpoint still live, 2 stale stashes, idle feature branches
Done. Briefing written to `briefing/heartbeat-today.md`.

**Quick summary:**
- Working tree is clean, 22 commits since yesterday — mostly campaign matching improvements
- Google auth is still broken (day 3+) — needs re-auth for calendar/email checks
- One debug endpoint (`google-matching`) still live — remove when ready
- 2 stale stashes and 2 idle feature branches could be cleaned up
Done. Briefing written to `briefing/heartbeat-today.md`.

**Quick summary:**
- 6 commits today — all Google Ads table fixes (state dedup, metrics init order, streak alignment)
- Working tree is clean
- Still need to: remove the debug endpoint, re-auth Google, and clean up the `-new`/`-old` file pairs + stashes when ready
Done. Quick summary:

- **Build: passing** — clean production build
- **3 new commits** since last check (vessels, streak dedup, overview KPIs)
- **2 items flagged**: debug endpoint still live, Google auth still expired
- **Cleanup**: 4 old/new file pairs, 2 stale stashes, 2 idle branches

Briefing written to `briefing/heartbeat-today.md`.
Done. Quick summary:

- **Build: PASSING** — no issues
- **Google auth still expired** — needs re-auth for calendar/email checks
- **Debug endpoint still deployed** — remove `api/debug/google-matching` when ready
- **Housekeeping:** 2 stale stashes, 2 idle branches, 4 old data files to clean up
- No new commits since this morning's heartbeat
Done. Heartbeat written to `briefing/heartbeat-today.md`.

**Summary:** Build is passing, working tree is clean. Two items need attention:
1. **Google auth expired** — re-auth needed for calendar/email checks
2. **Debug endpoint still live** — remove when ready

Minor housekeeping: 2 stale stashes and 2 idle branches can be cleaned up.
Heartbeat complete. Here's the summary:

**Build: PASSING** — all routes clean.

**2 items need attention:**
1. Google auth is expired (no calendar/email checks possible)
2. Debug endpoint `api/debug/google-matching` is still live

**Housekeeping:** 2 old stashes and 2 idle branches (`feature/ga4-landing-pages`, `feature/overview`) could be cleaned up when you're ready.
Done. Quick summary:

- **Build: PASSING** — all routes clean
- **2 items need attention:** Google auth is still expired, and the debug endpoint is still live
- **Cleanup:** 2 old stashes + 2 idle branches can be dropped when ready
- No new issues since yesterday's heartbeat — project is stable
Heartbeat done. Quick summary:

- **Build: PASSING** — all routes clean
- **Google auth expired** — Calendar/Gmail checks can't run until you re-authenticate
- **1 debug endpoint** still live (`api/debug/google-matching`) — remove when ready
- **2 stale stashes + 2 idle branches** — safe to clean up whenever

Output written to `briefing/heartbeat-today.md`.
Done. Quick summary:

- **Build: passing** — all routes compile clean.
- **Google auth still expired** — calendar/email checks blocked until you re-auth.
- **Housekeeping:** 1 debug endpoint to remove, 2 stale stashes, 2 idle branches.
- Everything else looks good. Nothing urgent beyond the auth fix.
Heartbeat done. Here's the summary:

**Build: PASSING** — all routes OK.

**Attention needed:**
- Google auth still expired (Calendar/Gmail offline)
- Debug endpoint `api/debug/google-matching` still live — remove when ready

**Housekeeping:** 2 stale stashes and 2 idle branches (`feature/ga4-landing-pages`, `feature/overview`) can be cleaned up whenever.
Heartbeat done. Quick summary:

- **Build: PASSING** — all routes clean
- **Auth still expired** — no calendar/email data until you re-auth Google
- **Cleanup opportunity** — 1 debug endpoint, 2 stale stashes, 2 idle branches
- Working tree is clean otherwise
Done. Here's the quick summary:

- **Build: passing** — all routes clean.
- **Auth expired** — Calendar/Gmail checks can't run until you re-auth.
- **Housekeeping:** 1 debug endpoint to remove, 2 stale stashes, 2 idle branches.
- No other issues found. Working tree is clean.
Heartbeat complete. Summary:

- **Build: PASSING** — all routes compile clean
- **Google auth still expired** — Calendar/Gmail unavailable until you re-auth
- **Debug endpoint** (`api/debug/google-matching`) still live — remove when ready
- **Housekeeping:** 2 old stashes + 2 idle branches can be cleaned up
- **Working tree:** clean (only heartbeat logs touched)

Nothing else urgent.
Heartbeat done. Quick summary:

- **Build: PASSING** — all routes compile clean.
- **Google auth still expired** — Calendar/Gmail checks can't run until you re-auth.
- **Debug endpoint still live** — `api/debug/google-matching` ready to remove when you're done with it.
- **Cleanup available** — 2 old stashes, 2 idle branches.

Output written to `briefing/heartbeat-today.md`.
Already captured that build result — it passed cleanly. The heartbeat briefing is written to `briefing/heartbeat-today.md`.
Heartbeat done. Quick summary:

- **Build: PASSING** — all routes clean
- **Google auth still expired** — no calendar/email data
- **Debug endpoint** still live at `api/debug/google-matching` — remove when ready
- **Cleanup:** 2 old stashes + 2 idle branches can be dropped
- Working tree is clean, latest commit is `794077e` (fb adset metrics)
Done. Quick summary:

- **Build: PASSING** — all routes compile clean.
- **Google auth still expired** — same as yesterday, Calendar/Gmail checks can't run until you re-auth.
- **Debug endpoint still live** — `api/debug/google-matching` is still there.
- **Cleanup:** 2 old stashes + 2 idle feature branches could be dropped.
- **Working tree:** clean (only heartbeat logs modified).

Nothing new broke overnight. The main action item is re-authenticating Google so Calendar/Gmail checks can resume.
Heartbeat done. Quick summary:

- **Build: PASSING** — all routes clean
- **Google auth still expired** — calendar/email checks blocked
- **Cleanup available**: 1 debug endpoint, 2 stale stashes, 2 idle branches
- **No new issues** since yesterday's check

Output written to `briefing/heartbeat-today.md`.
Heartbeat done. Quick summary:

- **Build: PASSING** — all 14 routes clean
- **Google auth still expired** — Calendar/Gmail unavailable since Feb 20
- **Debug endpoint** `api/debug/google-matching` still live — remove when ready
- **Housekeeping:** 2 old stashes + 2 idle branches to clean up whenever
Heartbeat done. Quick summary:

- **Build: PASSING** — all routes OK
- **Working tree: clean** (only heartbeat logs touched)
- **Google auth still expired** since Feb 20 — calendar/email checks blocked until you re-auth
- **Cleanup available:** 1 debug endpoint, 2 stale stashes, 2 idle branches

Output written to `briefing/heartbeat-today.md`.
Done. Here's the summary:

**Build: PASSING** — all routes compile clean.

**2 items need attention:**
1. **Google auth expired** since Feb 20 — Calendar/Gmail checks won't work until you re-auth.
2. **Debug endpoint still live** at `api/debug/google-matching` — remove when ready.

**Housekeeping:** 2 old stashes and 2 idle branches (`feature/ga4-landing-pages`, `feature/overview`) can be cleaned up whenever.
Done. Quick summary:

- **Build: PASSING** — everything compiles clean.
- **Google auth still expired** since Feb 20 — no calendar/email access until you re-auth.
- **Debug endpoint still live** — `api/debug/google-matching` ready to remove whenever.
- **2 stale stashes + 2 idle branches** — safe to clean up when convenient.
- No new issues since yesterday's heartbeat.
Heartbeat done. Quick summary:

- **Build: PASSING** — all good
- **2 items need attention:** Google auth expired (since Feb 20) and debug endpoint still live
- **Cleanup:** 2 stale stashes, 2 idle branches
- No calendar/email access until you re-auth Google
Heartbeat done. Quick summary:

- **Build: PASSING** — all routes compile clean.
- **Google auth still expired** since Feb 20 — calendar/email checks blocked until you re-auth.
- **1 debug endpoint** (`api/debug/google-matching`) still live — remove when ready.
- **2 stale stashes + 2 idle branches** ready to clean up whenever.
- Working tree is clean. Nothing urgent beyond the auth fix.
Heartbeat done. Here's the summary:

**Build: PASSING** — all routes compile clean.

**Attention needed:**
- Google auth still expired (since Feb 20) — Calendar/Gmail unavailable until you re-auth
- Debug endpoint `api/debug/google-matching` still live — remove when ready

**Cleanup candidates:** 2 old stashes, 2 idle branches (`feature/ga4-landing-pages`, `feature/overview`)

Everything else looks good. Written to `briefing/heartbeat-today.md`.
Done. Quick summary:

- **Build: PASSING** — all routes compile clean.
- **Google auth still expired** since Feb 20 — calendar/email checks blocked until you re-auth.
- **Debug endpoint** (`api/debug/google-matching`) still live — flag it for removal.
- **Cleanup:** 2 old stashes + 2 idle branches ready to drop whenever you want.
- Working tree is clean. Nothing else urgent.
Heartbeat done. Quick summary:

- **Build: PASSING** — all routes compile clean.
- **Google auth still expired** since Feb 20 — no calendar/email access until you re-auth.
- **Debug endpoint still live** at `api/debug/google-matching` — remove when ready.
- **Cleanup available**: 2 old stashes, 2 idle branches (`feature/ga4-landing-pages`, `feature/overview`).
- Working tree is clean. Nothing else urgent.
Heartbeat done. Quick summary:

- **Build: PASSING** — all routes compile clean.
- **Google auth still expired** since Feb 20 — no calendar/email checks possible until you re-auth.
- **Debug endpoint still live** at `api/debug/google-matching` — remove when ready.
- **Cleanup available:** 2 old stashes and 2 idle branches (`feature/ga4-landing-pages`, `feature/overview`).
- Working tree is clean otherwise.

Output written to `briefing/heartbeat-today.md`.
Done. Quick summary:

- **Build: PASSING** — all routes compile clean.
- **Google auth still expired** since Feb 20 — no calendar/email data until you re-auth.
- **1 debug endpoint** still live (`api/debug/google-matching`) — remove when ready.
- **2 stashes + 2 idle branches** can be cleaned up.
- Working tree is clean aside from heartbeat logs.
Already retrieved that build output and incorporated it into the heartbeat — build is passing. All done.
Heartbeat done. Summary:

- **Build: PASSING** — all routes compile clean.
- **Google auth still expired** since Feb 20 — calendar/email checks skipped.
- **Debug endpoint still live** at `api/debug/google-matching` — remove when ready.
- **2 stale stashes + 2 idle branches** could be cleaned up.
- Working tree is clean. Nothing else urgent.
Heartbeat done. Summary:

- **Build: PASSING** — all clean
- **Google auth still expired** since Feb 20 — calendar/email checks blocked until you re-auth
- **Debug endpoint** (`api/debug/google-matching`) still live — flag to remove
- **Housekeeping:** 2 old stashes + 2 idle branches ready to clean up
- No new issues since last check
Heartbeat done. Summary:

- **Build: PASSING** — all routes compile clean.
- **Google auth still expired** since Feb 20 — calendar/email checks unavailable. You'll need to re-auth to restore those.
- **Debug endpoint** (`api/debug/google-matching`) still live — remove when ready.
- **Housekeeping:** 2 old stashes + 2 idle branches could be cleaned up.
- Working tree is clean. Nothing else flagged.
Done. Quick summary:

- **Build: PASSING** — everything compiles clean.
- **Google auth still expired** since Feb 20 — no calendar/email access.
- **Debug endpoint** (`api/debug/google-matching`) still live — remove when ready.
- **Cleanup:** 2 old stashes, 2 idle branches, all safe to drop.
- No new commits since yesterday. Working tree is clean.
Heartbeat done. Here's the quick summary:

- **Build: PASSING** — all routes compile clean.
- **Google auth still expired** since Feb 20 — no calendar/email access until you re-auth.
- **1 debug endpoint** still live (`api/debug/google-matching`) — remove when ready.
- **Cleanup available:** 2 old stashes, 2 idle branches.
- **Working tree:** clean.

Nothing else urgent.
Heartbeat done. Summary:

- **Build: PASSING** — all routes compile clean
- **2 items need attention:** Google auth expired (since Feb 20) and a debug endpoint still live
- **Cleanup available:** 2 stale stashes, 2 idle branches
- Working tree is clean otherwise
**Heartbeat done.** Quick summary:

- **Build: PASSING** — all good
- **Working tree: clean** — only heartbeat logs modified
- **Action needed:** Google auth still expired (since Feb 20) — re-auth to restore calendar/email checks
- **Cleanup:** debug endpoint still live, 2 stale stashes, 2 idle branches
Already retrieved that result earlier — it was just the `--no-lint` flag error, which I followed up with a successful full build. The heartbeat briefing is written and up to date.
Heartbeat done. Quick summary:

- **Build: PASSING** — all routes compile clean.
- **Google auth still expired** since Feb 20 — no calendar/email access until you re-auth.
- **Debug endpoint still live** at `api/debug/google-matching` — remove when ready.
- **Housekeeping:** 2 old stashes and 2 idle branches could be cleaned up.

Nothing else urgent. Output written to `briefing/heartbeat-today.md`.
Heartbeat done. Summary:

- **Build: PASSING** — all routes compile clean.
- **Action needed:** Google auth still expired (since Feb 20) — no calendar/email visibility.
- **Cleanup:** 1 debug endpoint, 2 stale stashes, 2 idle branches. Nothing urgent beyond the auth refresh.
Done. Quick summary:

- **Build: PASSING** — all routes compile clean
- **Google auth still expired** since Feb 20 — calendar/email checks blocked
- **1 debug endpoint** still live, 2 stale stashes, 2 idle branches ready to clean up
- **1 untracked file** (`scripts/setup-test-tracker.ts`) not yet committed

Output written to `briefing/heartbeat-today.md`.
Got it — the background build also confirmed passing. Heartbeat is all set.
Heartbeat done. Quick summary:

- **Build: PASSING** — all routes compile clean.
- **Google auth still expired** since Feb 20 — no calendar/email checks possible until you re-auth.
- **Housekeeping:** 1 debug endpoint to remove, 2 old stashes, 2 idle branches, 1 untracked script.
- Nothing else urgent.
**Heartbeat done.** Quick summary:

- **Build: PASSING** — all routes compile clean
- **Google auth still expired** since Feb 20 — calendar/email checks blocked
- **1 debug endpoint** still live, 2 stale stashes, 2 idle branches ready for cleanup
- **1 untracked file** (`scripts/setup-test-tracker.ts`)

Nothing urgent beyond re-authing Google when you get a chance.
Done. Briefing written to `briefing/heartbeat-today.md`.

**Quick summary:**
- **Build: passing**
- **Action items:** 72 lines of uncommitted changes in `config.ts` + `sheetsData.ts`, plus untracked test-tracker files. Google auth still expired (since Feb 20). Debug endpoint still live.
- **Housekeeping:** 2 old stashes, 2 idle branches ready to clean up.
Done. Quick summary:

- **Build: passing** — clean compile, all routes good
- **Working tree: clean** — nothing uncommitted
- **Google auth still expired** since Feb 20 (calendar/email unavailable)
- **Cleanup available:** 2 old stashes, 2 idle feature branches

Nothing urgent today.
Done. Summary:

- **Build: passing** — all routes compile clean.
- **1 uncommitted change:** `src/app/tests/page.tsx` (tests page redesign).
- **2 stale stashes** and **2 idle branches** can be cleaned up when convenient.
- **Google auth** still expired — calendar/email checks unavailable until re-authed.
Done. Quick summary:

- **Build: PASSING** — all routes compile clean.
- **1 uncommitted file:** `src/app/tests/page.tsx` (tests page redesign) — commit when ready.
- **Cleanup:** 2 old stashes and 2 idle feature branches still lingering.
- **Google auth** still expired since Feb 20 — no calendar/email access.
Done. Quick summary:

- **Build: passing** — all routes compile clean.
- **1 uncommitted change:** `tests/page.tsx` (your redesign). Commit when ready.
- **Housekeeping:** 2 old stashes and 2 idle feature branches could be cleaned up.
- **Google auth still expired** — calendar/email checks won't work until you re-auth.
Heartbeat done. Summary:

- **Build: PASSING** 
- **1 uncommitted file:** `src/app/tests/page.tsx` (tests page redesign) — commit when ready
- **2 stale stashes** safe to drop, 1 idle branch (`feature/overview`)
- **Google auth still expired** — calendar/email unavailable since ~Feb 20

Written to `briefing/heartbeat-today.md`.
Done. Quick summary:

- **Build: PASSING** — all routes compile clean.
- **1 uncommitted file:** `src/app/tests/page.tsx` (tests page redesign) — commit when ready.
- **2 stale stashes** and 1 idle branch (`feature/overview`) you could clean up.
- **Google auth** still expired for calendar/email checks.

Nothing urgent.
Heartbeat done. Summary:

- **Build: PASSING** — all routes compile clean.
- **1 uncommitted change:** `tests/page.tsx` (redesign) — commit when ready.
- **2 stale stashes** and **1 unmerged branch** (`feature/overview`) — safe to clean up.
- **Google auth still expired** — calendar/email checks unavailable since ~Feb 20.
- Nothing urgent.
Done. Quick summary:

- **Build: passing** — all routes compile clean.
- **1 uncommitted change:** `tests/page.tsx` (the redesign). Commit when you're ready.
- **2 old stashes** and **1 unmerged branch** (`feature/overview`) could be cleaned up.
- **Google auth still expired** — calendar/email checks unavailable since ~Feb 20.
Done. Quick summary:

- **Build: PASSING** — all routes compile clean.
- **1 uncommitted change:** `tests/page.tsx` (the redesign). Commit when you're ready.
- **2 stale stashes** and **1 unmerged branch** (`feature/overview`) could be cleaned up.
- **Google auth** for calendar/email is still expired since ~Feb 20.

Nothing urgent.
Heartbeat done. Quick summary:

- **Build: passing** — all routes compile clean.
- **1 uncommitted change:** `tests/page.tsx` (redesign) — commit when ready.
- **Cleanup:** 2 old stashes + 1 idle branch (`feature/overview`) you could clean up.
- **Google auth still expired** — calendar/email checks won't work until you re-auth.
Heartbeat done. Summary:

- **Build: PASSING** — all routes compile clean.
- **1 uncommitted change:** `src/app/tests/page.tsx` (tests page redesign) — commit when ready.
- **Cleanup:** 2 stale stashes + `feature/overview` branch sitting unmerged.
- **Calendar/Email:** still blocked by expired Google auth (since ~Feb 20).

Nothing urgent.
Heartbeat done. Summary:

- **Build: PASSING** — all routes compile clean.
- **1 uncommitted change:** `src/app/tests/page.tsx` (tests page redesign) — commit when ready.
- **Cleanup:** 2 old stashes and `feature/overview` branch still hanging around.
- **Calendar/Email:** Still unavailable (Google auth expired since ~Feb 20).
- Nothing urgent.
Heartbeat done. Quick summary:

- **Build: PASSING** — all routes compile clean.
- **1 uncommitted change:** `tests/page.tsx` (redesign) — commit when ready.
- **Cleanup:** 2 stale stashes + `feature/overview` branch still unmerged.
- **Calendar/Email:** Still blocked — Google auth expired since ~Feb 20.
- **Nothing urgent.**
**Heartbeat complete.** Summary:

- **Build: PASSING** — all good.
- **1 uncommitted file:** `tests/page.tsx` (redesign) — commit when ready.
- **Cleanup:** 2 old stashes + `feature/overview` branch could be dropped.
- **Calendar/Email:** still blocked by expired Google auth.
- Nothing urgent.
Done. Quick summary:

- **Build: passing** — all good.
- **1 uncommitted file:** `tests/page.tsx` (your redesign). Commit when ready.
- **2 stale stashes** and **1 unmerged branch** (`feature/overview`) — can clean up anytime.
- **Google auth still expired** — calendar/email checks won't work until you re-auth.
Heartbeat done. Summary:

- **Build: passing** — all routes compile clean.
- **1 uncommitted change:** `tests/page.tsx` (redesign) — commit when ready.
- **Cleanup:** 2 old stashes and `feature/overview` branch could be dropped.
- **Calendar/Email:** still offline (Google auth expired since ~Feb 20).
- **Nothing urgent.**
Done. Quick summary:

- **Build: passing** — all routes compile clean.
- **1 uncommitted file:** `tests/page.tsx` (your redesign). Commit when ready.
- **2 stale stashes** and **1 unmerged branch** (`feature/overview`) — cleanup candidates.
- **Google auth still expired** — calendar/email checks unavailable since ~Feb 20.
- Nothing urgent otherwise.
Heartbeat done. Quick summary:

- **Build: PASSING** — everything compiles clean.
- **1 uncommitted change:** `src/app/tests/page.tsx` (tests page redesign) — commit when ready.
- **Cleanup:** 2 old stashes + `feature/overview` branch still hanging around.
- **Google auth** still expired since ~Feb 20 — no calendar/email access.

Nothing urgent.
Done. Quick summary:

- **Build: PASSING** — all routes compile clean.
- **1 uncommitted change:** `src/app/tests/page.tsx` (tests page redesign) — commit when ready.
- **Housekeeping:** 2 old stashes and `feature/overview` branch could be cleaned up.
- **Google auth** still expired — calendar/email unavailable since ~Feb 20.

Nothing urgent.
Heartbeat done. Quick summary:

- **Build: PASSING** — all routes compile clean.
- **1 uncommitted change:** `src/app/tests/page.tsx` (tests page redesign) — commit when ready.
- **Cleanup:** 2 stale stashes + `feature/overview` branch still unmerged.
- **Calendar/Email:** still unavailable (Google auth expired since ~Feb 20).

Nothing urgent.
Heartbeat done. Quick summary:

- **Build: PASSING** — all routes compile clean.
- **1 uncommitted change:** `tests/page.tsx` (tests page redesign) — commit when ready.
- **2 stale stashes** and **1 unmerged branch** (`feature/overview`) could be cleaned up.
- **Google auth still expired** — calendar/email checks unavailable since ~Feb 20.
- Nothing urgent.
Done. Quick summary:

- **Build: PASSING** — all routes compile clean.
- **1 uncommitted file:** `src/app/tests/page.tsx` (tests page redesign) — same as yesterday.
- **2 stale stashes** and **1 unmerged branch** (`feature/overview`) still lingering.
- **Google auth** still expired — calendar/email unavailable since ~Feb 20.
- Nothing urgent.
Heartbeat done. Summary:

- **Build: PASSING** — all routes compile clean.
- **1 uncommitted file:** `src/app/tests/page.tsx` (tests page redesign) — commit when ready.
- **2 stale stashes** and **1 unmerged branch** (`feature/overview`) could be cleaned up.
- **Google auth still expired** — calendar/email checks unavailable since ~Feb 20.
- Nothing urgent.
Heartbeat done. Summary:

- **Build: PASSING** — all routes compile clean.
- **1 uncommitted change:** `tests/page.tsx` (redesign) — commit when ready.
- **Cleanup:** 2 old stashes + `feature/overview` branch sitting idle.
- **Calendar/Email:** Still unavailable (Google auth expired since ~Feb 20).
- Nothing urgent.
Done. Quick summary:

- **Build: PASSING** — all routes compile clean.
- **1 uncommitted file:** `src/app/tests/page.tsx` (tests page redesign) — commit when ready.
- **Cleanup:** 2 stale stashes + `feature/overview` branch still unmerged.
- **Google auth** still expired (calendar/email unavailable since ~Feb 20).
- Nothing urgent.
Done. Quick summary:

- **Build: passing** — all routes compile clean.
- **1 uncommitted file:** `src/app/tests/page.tsx` (tests page redesign) — commit when ready.
- **2 stale stashes** and **1 unmerged branch** (`feature/overview`) could be cleaned up.
- **Google auth still expired** — calendar/email checks won't work until you re-auth.

Nothing urgent. Written to `briefing/heartbeat-today.md`.
Done. Quick summary:

- **Build: passing** — all routes compile clean.
- **1 uncommitted file:** `src/app/tests/page.tsx` (tests page redesign) — commit when ready.
- **2 stale stashes** and **1 unmerged branch** (`feature/overview`) — safe to clean up.
- **Google auth still expired** — calendar/email checks won't work until you re-auth.
Done. Quick summary:

- **Build: PASSING** — all routes compile clean.
- **1 uncommitted change:** `tests/page.tsx` (redesign) — commit when ready.
- **2 stale stashes** and **1 unmerged branch** (`feature/overview`) — safe to clean up.
- **Google auth still expired** — calendar/email checks unavailable.
- Nothing urgent.
Heartbeat done. Summary:

- **Build: PASSING** — all routes compile clean.
- **1 uncommitted change:** `src/app/tests/page.tsx` (tests page redesign) — commit when ready.
- **Cleanup:** 2 old stashes + 1 unmerged branch (`feature/overview`) you could tidy up.
- **Calendar/Email:** still unavailable (Google auth expired ~Feb 20).

Nothing urgent. Written to `briefing/heartbeat-today.md`.
Heartbeat done. Quick summary:

- **Build: PASSING** — all routes compile clean.
- **1 uncommitted change:** `src/app/tests/page.tsx` (tests page redesign) — commit when ready.
- **Cleanup:** 2 old stashes + 1 idle branch (`feature/overview`) could be cleaned up.
- **Calendar/Email:** still unavailable (Google auth expired ~Feb 20).

Nothing urgent.
Done. Quick summary:

- **Build: passing** — all routes compile clean
- **Working tree: clean** — no uncommitted changes
- **Nothing urgent** — last 3 commits are test tracker debug improvements
- **Housekeeping:** 2 old stashes and `feature/overview` branch still hanging around
- **Google auth still expired** — calendar/email checks unavailable
Done. Quick summary:

- **Build: PASSING** — all routes clean
- **Working tree:** 2 unstaged changes (`test-tracker/route.ts`, `heartbeat-today.md`)
- **Stale items:** 2 old stashes, 1 unmerged branch (`feature/overview`)
- **Calendar/Email:** Still offline (Google auth expired)

Nothing urgent.
Done. Quick summary:

- **Build: passing** — all routes compile clean
- **Working tree:** 2 unstaged files (heartbeat logs only)
- **Cleanup:** 2 stale stashes + `feature/overview` branch still unmerged
- **Calendar/Email:** still down (Google auth expired)

Nothing urgent.
Heartbeat done. Quick summary:

- **Build: PASSING** — all 18 routes compile clean
- **Nothing urgent** — no errors, no failing routes
- **Working tree:** only the 2 expected heartbeat files modified
- **Cleanup:** 2 old stashes + `feature/overview` branch still unmerged
- **Calendar/Email:** still needs Google re-auth

Written to `briefing/heartbeat-today.md`.
Heartbeat done. Quick summary:

- **Build:** PASSING — 18 routes, zero errors
- **Git:** Clean working tree (only heartbeat files modified, as expected)
- **Stashes:** 2 old WIP stashes you could drop
- **Branches:** `feature/overview` still unmerged
- **Calendar/Email:** Still down — Google auth needs re-auth

Nothing urgent.
Done. Quick summary:

- **Build:** PASSING — 18 routes, zero errors
- **Working tree:** Clean (2 expected unstaged files)
- **Stashes:** 2 old WIPs you could drop
- **Unmerged branch:** `feature/overview` still hanging around
- **Calendar/Email:** Still needs Google re-auth

Nothing urgent.
**Heartbeat complete.** All green:

- **Build:** PASSING (18 routes, 0 errors)
- **Working tree:** Clean aside from expected heartbeat files
- **2 stashes** and **1 unmerged branch** (`feature/overview`) — minor cleanup candidates
- **Google auth** still expired for calendar/email checks
**Heartbeat complete.** All green:

- **Build:** Passes — 18 routes, 0 errors
- **Git:** Clean working tree (only heartbeat logs modified, as expected)
- **Housekeeping:** 2 stale stashes and `feature/overview` branch could be cleaned up when ready
- **Google auth** still expired — calendar/email checks won't work until re-authed
Done. Quick summary:

- **Build:** Passing, 18 routes, no errors
- **Git:** Clean (2 expected unstaged files)
- **Google auth:** Still expired since yesterday — re-auth needed if you want Calendar/Gmail checks back
- **Housekeeping:** 2 stale stashes + `feature/overview` branch could be cleaned up
Done. Quick summary:

- **Build:** Passing clean — 7 API routes, 12 pages, zero errors
- **Git:** Clean working tree, on `main` at `b89d7c8`
- **Flag:** Google auth still expired (no calendar/email access)
- **Housekeeping:** 2 stale stashes and `feature/overview` branch could be cleaned up

Written to `briefing/heartbeat-today.md`.
Done. Quick summary:

- **Build:** Passing, clean.
- **Tree:** Clean (only heartbeat logs).
- **One issue:** Google auth still expired — Calendar/Gmail checks have been failing since Feb 25. Re-auth needed to restore those.
- **Housekeeping:** 2 droppable stashes, 1 unmerged branch (`feature/overview`).

Output written to `briefing/heartbeat-today.md`.
Done. Quick summary:

- **Build:** Passing
- **Working tree:** Clean
- **Action needed:** Google auth is still expired — calendar/email checks won't work until you re-authenticate
- **Cleanup:** 2 old stashes + `feature/overview` branch still unmerged
Done. Quick summary:

- **Build:** Passing
- **Tree:** Clean (only heartbeat logs dirty)
- **Stashes:** 2 old WIPs, safe to drop
- **Unmerged:** `feature/overview` still hanging around
- **Calendar/Email:** Still down — Google auth needs re-auth
Done. Quick summary:

- **Build:** Passing
- **Working tree:** Clean
- **Google auth:** Still expired — calendar/email checks remain unavailable
- **Cleanup:** 2 droppable stashes, 1 unmerged branch (`feature/overview`)
- **Recent focus:** FB date sample debugging and test tracker campaign matching
Done. Quick summary:

- **Build:** Passing
- **Tree:** Clean (only heartbeat logs dirty)
- **Last commit:** `b89d7c8` — FB date sample debugging
- **Flag:** Google auth still expired — calendar/email checks unavailable until you re-auth.
- **Cleanup:** 2 stale stashes + unmerged `feature/overview` branch still hanging around.
Done. Quick summary:

- **Build:** Passing
- **Working tree:** Clean
- **Google auth:** Still expired — calendar/email checks unavailable
- **Cleanup:** 2 stashes + 1 unmerged branch (`feature/overview`) could be tidied up

Output written to `briefing/heartbeat-today.md`.
Done. Quick summary:

- **Build:** Passing
- **Tree:** Clean (only heartbeat logs dirty)
- **Action needed:** Google auth still expired — Calendar/Gmail checks are offline until you re-auth.
- **Housekeeping:** 2 stale stashes + `feature/overview` branch still unmerged.
Done. Quick summary:

- **Build:** Passing
- **Tree:** Clean (only heartbeat logs modified)
- **Latest:** FB date sample debugging (b89d7c8)
- **Flag:** Google auth still expired — Calendar/Gmail checks remain unavailable until you re-auth.
- **Housekeeping:** 2 droppable stashes, 1 unmerged branch (`feature/overview`).
Done. Quick summary:

- **Build:** Passing
- **Tree:** Clean (only heartbeat logs modified)
- **Latest commit:** `b89d7c8` — FB date sample debugging
- **Google auth:** Still expired — calendar/email checks unavailable
- **Housekeeping:** 2 droppable stashes, 1 unmerged branch (`feature/overview`)

Nothing urgent beyond the Google re-auth.
Done. Quick summary:

- **Build:** Passing
- **Tree:** Clean (only heartbeat logs dirty)
- **Last commit:** FB date sample debugging (b89d7c8)
- **Google auth:** Still expired — calendar/email checks unavailable
- **Housekeeping:** 2 stale stashes, 1 unmerged branch (`feature/overview`)

Nothing urgent beyond the Google re-auth that's been pending since Feb 26.
Done. Quick summary:

- **Build:** Passing
- **Tree:** Clean (only heartbeat logs modified)
- **Action needed:** Google auth still expired — Calendar/Gmail checks remain unavailable
- **Cleanup:** 2 stale stashes + 2 unmerged feature branches (`overview`, `ga4-landing-pages`)
- **Recent work:** All focused on FB campaign matching debug and test tracker improvements
Done. Quick summary:

- **Build:** Passing
- **Tree:** Clean (only heartbeat logs modified)
- **Latest:** FB date sample debugging (b89d7c8)
- **Action needed:** Google auth is still expired — Calendar/Gmail checks remain offline
- **Cleanup:** 2 stashes safe to drop, 1 unmerged branch (`feature/overview`)
Done. Quick summary:

- **Build:** Passing
- **Working tree:** Clean (just heartbeat logs)
- **Latest commit:** FB date sample debugging (b89d7c8)
- **Flag:** Google auth still expired — Calendar/Gmail checks remain offline until you re-auth.
- **Cleanup:** 2 stale stashes + `feature/overview` branch unmerged.

Nothing else urgent.
Done. Quick summary:

- **Build:** Passing
- **Tree:** Clean (only heartbeat logs touched)
- **Action needed:** Google auth still expired — Calendar/Gmail checks remain offline
- **Housekeeping:** 2 droppable stashes, 1 unmerged branch (`feature/overview`)

Nothing else urgent.
Done. `briefing/heartbeat-today.md` updated.

**Quick summary:**
- **Build:** Passing
- **Tree:** Clean (main branch)
- **Last work:** FB date/campaign matching debugging in test tracker
- **Action needed:** Google auth is still expired — calendar & email checks remain offline
- **Housekeeping:** 2 droppable stashes, 1 unmerged branch (`feature/overview`)
Done. Quick summary:

- **Build:** Passing
- **Tree:** Clean (only heartbeat logs touched)
- **Last commit:** FB date samples & matching alignment (b89d7c8)
- **Flag:** Google auth still expired — Calendar/Gmail checks remain offline. Re-auth when you get a chance.
- **Housekeeping:** 2 droppable stashes, 1 unmerged branch (`feature/overview`).
Done. Quick summary:

- **Build:** Passing
- **Working tree:** Clean
- **Main issue:** Google auth still expired — Calendar/Gmail checks are blocked until you re-auth.
- **Cleanup:** 2 old stashes + `feature/overview` branch still unmerged.

Everything else looks healthy. Recent work has been focused on FB campaign matching debugging in the test tracker.
Done. Quick summary:

- **Build:** Passing
- **Tree:** Clean (main, b89d7c8)
- **Flag:** Google auth still expired — Calendar/Gmail checks remain offline until you re-auth.
- **Housekeeping:** 2 droppable stashes, 1 unmerged branch (`feature/overview`).

Nothing else urgent. Briefing written to `briefing/heartbeat-today.md`.
Done. Quick summary:

- **Build:** Passing
- **Tree:** Clean (only heartbeat logs touched)
- **Stashes:** 2 old WIP stashes, safe to drop
- **Unmerged branch:** `feature/overview`
- **Google auth:** Still expired — Calendar/Gmail checks won't work until you re-auth

Nothing urgent beyond the auth issue.
Done. Quick summary:

- **Build:** Passing
- **Working tree:** Clean
- **Google auth:** Still expired — calendar/email checks unavailable
- **Cleanup:** 2 stale stashes + `feature/overview` branch unmerged
- **Recent work:** All focused on FB date debugging and test tracker campaign matching
Done. Quick summary:

- **Build:** Passing
- **Tree:** Clean (only heartbeat logs modified)
- **Latest:** FB date sample debugging (b89d7c8)
- **Stale:** 2 stashes safe to drop, `feature/overview` branch unmerged
- **Google auth** still expired — Calendar/Gmail checks remain offline
Done. Quick summary:

- **Build:** Passing
- **Tree:** Clean (only heartbeat logs touched)
- **Flag:** Google auth still expired — calendar/email checks remain offline until you re-auth
- **Cleanup:** 2 stale stashes + `feature/overview` branch still unmerged
Heartbeat done. Quick summary:

- **Build:** Passing
- **Tree:** Clean (only heartbeat logs dirty)
- **Flag:** Google auth still expired — no calendar/email access until you re-auth
- **Housekeeping:** 2 stale stashes + `feature/overview` branch unmerged
Done. Written to `briefing/heartbeat-today.md`.

**Quick summary:** Build is passing, working tree is clean. No changes since yesterday's heartbeat — same latest commit (b89d7c8). Google auth is still expired so no calendar/email data. Two stale stashes and the `feature/overview` branch are still hanging around if you want to clean up.
Heartbeat done. Quick summary:

- **Build:** Passing
- **Tree:** Clean (only heartbeat logs modified)
- **Latest:** FB date/campaign matching debug work (b89d7c8)
- **Flag:** Google auth still expired — calendar/email checks unavailable
- **Cleanup:** 2 stale stashes, 1 unmerged branch (`feature/overview`)

Written to `briefing/heartbeat-today.md`.
Done. Briefing written to `briefing/heartbeat-today.md`.

**Quick summary:**
- **Build:** Passing
- **Tree:** Clean (main branch)
- **Flag:** Google auth still expired — calendar/email checks remain offline
- **Housekeeping:** 2 droppable stashes, 1 unmerged branch (`feature/overview`)
Done. Quick summary:

- **Build:** Passing
- **Tree:** Clean (no real changes)
- **Google auth:** Still expired — calendar/email checks won't work until you re-auth
- **Housekeeping:** 2 droppable stashes, 1 unmerged branch (`feature/overview`)

Nothing urgent beyond the Google re-auth.
Heartbeat done. Quick summary:

- **Build:** Passing
- **Tree:** Clean (only heartbeat logs modified)
- **Stale:** 2 stashes + 1 unmerged branch (`feature/overview`) — safe to clean up when ready
- **Google auth:** Still expired — calendar/email checks unavailable until you re-auth
Done. Quick summary:

- **Build:** Passing
- **Tree:** Clean (only heartbeat logs touched)
- **Action needed:** Google auth is still expired — calendar/email checks remain offline. Everything else looks good. 2 old stashes and 1 unmerged branch (`feature/overview`) are still hanging around if you want to clean up.
Done. Quick summary:

- **Build:** Passing
- **Tree:** Clean (only heartbeat logs touched)
- **Action needed:** Google auth is still expired — calendar/email checks won't work until you re-auth
- **Cleanup:** 2 stale stashes + `feature/overview` branch still unmerged
Heartbeat done. Quick summary:

- **Build:** Passing
- **Tree:** Clean (main branch, only heartbeat logs modified)
- **Last work:** FB date sample debugging & test tracker campaign matching
- **Action needed:** Google auth still expired — re-auth to restore Calendar/Gmail checks
- **Cleanup:** 2 stale stashes + 1 unmerged branch (`feature/overview`)
Done. Quick summary:

- **Build:** Passing
- **Tree:** Clean (just heartbeat logs)
- **Action needed:** Google auth is still expired — calendar/email checks remain offline until you re-auth.
- **Housekeeping:** 2 stale stashes and `feature/overview` branch could be cleaned up when convenient.

Briefing written to `briefing/heartbeat-today.md`.
Heartbeat written to `briefing/heartbeat-today.md`. Quick summary:

- **Build:** Passing
- **Tree:** Clean (only heartbeat logs dirty)
- **Google auth:** Still expired — calendar/email checks unavailable
- **Housekeeping:** 2 droppable stashes, 1 unmerged branch (`feature/overview`)
- Nothing else urgent.
Done. Quick summary:

- **Build:** Passing
- **Tree:** Clean (only heartbeat logs dirty)
- **Google auth:** Still expired — calendar/email checks unavailable
- **Housekeeping:** 2 stale stashes + `feature/overview` branch unmerged
Heartbeat done. Quick summary:

- **Build:** Passing
- **Tree:** Clean (only heartbeat logs modified)
- **Latest:** FB date/campaign matching debug work (b89d7c8)
- **Flag:** Google auth still expired — calendar/email checks remain offline. Re-auth when you get a chance.
- **Housekeeping:** 2 droppable stashes, 1 unmerged branch (`feature/overview`).
Heartbeat done. Quick summary:

- **Build:** Passing
- **Tree:** Clean (main, b89d7c8)
- **Flag:** Google auth still expired — no calendar/email access
- **Cleanup:** 2 droppable stashes, 1 unmerged branch (`feature/overview`)
- **No urgent issues** beyond the auth expiry.
Done. Quick summary:

- **Build:** Passing
- **Working tree:** Clean (only heartbeat logs)
- **Google auth:** Still expired — calendar/email checks unavailable
- **Cleanup:** 2 stashes + 1 unmerged branch (`feature/overview`) to consider tidying up
Heartbeat done. Quick summary:

- **Build:** Passing
- **Tree:** Clean (main, b89d7c8)
- **Action needed:** Google auth still expired — no calendar/email access until you re-auth.
- **Housekeeping:** 2 stale stashes + `feature/overview` branch unmerged.
Heartbeat done. Quick summary:

- **Build:** Passing
- **Tree:** Clean (only heartbeat logs modified)
- **Latest:** FB date sample debugging (b89d7c8)
- **Flag:** Google auth still expired — no calendar/email access until you re-auth
- **Cleanup:** 2 stale stashes + `feature/overview` branch still unmerged
Done. Quick summary:

- **Build:** Passing
- **Tree:** Clean (only heartbeat logs touched)
- **Action needed:** Google auth is still expired — Calendar/Gmail checks remain unavailable until you re-auth.
- **Cleanup:** 2 stale stashes + `feature/overview` branch could be dropped when ready.
Heartbeat done. Quick summary:

- **Build:** Passing
- **Tree:** Clean (only heartbeat logs dirty)
- **Action needed:** Google auth still expired — calendar/email checks remain unavailable
- **Housekeeping:** 2 stale stashes and 1 unmerged branch (`feature/overview`) you could clean up
Heartbeat done. Quick summary:

- **Build:** Passing
- **Tree:** Clean (only heartbeat logs dirty)
- **Action needed:** Google auth is still expired — re-auth to restore calendar/email checks
- **Housekeeping:** 2 droppable stashes, 1 unmerged branch (`feature/overview`)
Done. Quick summary:

- **Build:** Passing
- **Tree:** Clean (only heartbeat logs dirty)
- **Google auth:** Still expired since Feb 26 — no calendar/email checks possible
- **Housekeeping:** 2 droppable stashes, 1 unmerged branch (`feature/overview`)

Nothing else urgent. Output written to `briefing/heartbeat-today.md`.
Done. Quick summary:

- **Build:** Passing
- **Tree:** Clean (only heartbeat logs touched)
- **Flag:** Google auth still expired — calendar/email checks remain unavailable
- **Cleanup:** 2 stale stashes + `feature/overview` branch unmerged

Briefing written to `briefing/heartbeat-today.md`.
Done. Quick summary:

- **Build:** Passing
- **Tree:** Clean (only heartbeat logs dirty)
- **Action needed:** Google auth is still expired — calendar/email checks won't work until you re-auth.
- **Housekeeping:** 2 stale stashes and `feature/overview` branch still unmerged.
Heartbeat done. Summary:

- **Build:** Passing
- **Tree:** Clean (only heartbeat logs modified)
- **Action needed:** Google auth is still expired — Calendar/Gmail checks remain offline. Re-auth to restore.
- **Housekeeping:** 2 stashes and 1 unmerged branch (`feature/overview`) could be cleaned up.
Done. Quick summary:

- **Build:** Passing
- **Tree:** Clean (only heartbeat logs dirty)
- **Action needed:** Google auth is still expired — calendar/email checks remain unavailable until you re-auth.
- **Housekeeping:** 2 stale stashes and `feature/overview` branch could be cleaned up when convenient.
Heartbeat done. Quick summary:

- **Build:** Passing
- **Tree:** Clean (main, only heartbeat logs modified)
- **Action needed:** Google auth still expired — no calendar/email access
- **Housekeeping:** 2 droppable stashes, 1 unmerged branch (`feature/overview`)
Heartbeat done. Quick summary:

- **Build:** Passing
- **Tree:** Clean (only heartbeat logs modified)
- **Action needed:** Google auth is still expired — calendar/email checks won't work until you re-authenticate.
- **Housekeeping:** 2 stale stashes and the `feature/overview` branch could be cleaned up when you get a chance.
Done. Quick summary:

- **Build:** Passing
- **Tree:** Clean (only heartbeat logs modified)
- **Latest:** FB date/campaign matching debug work (b89d7c8)
- **Flag:** Google auth still expired — Calendar/Gmail checks remain offline. Re-auth when you get a chance.
- **Housekeeping:** 2 droppable stashes, 1 unmerged branch (`feature/overview`).
Heartbeat done. Quick summary:

- **Build:** Passing
- **Tree:** Clean (only heartbeat logs dirty)
- **Flag:** Google auth still expired — calendar/email checks remain offline. Re-auth when you get a chance.
- **Housekeeping:** 2 stale stashes + `feature/overview` branch still unmerged.
Done. Quick summary:

- **Build:** Passing
- **Working tree:** Clean
- **Google auth:** Still expired — calendar/email checks unavailable
- **Cleanup:** 2 stashes + 1 unmerged branch (`feature/overview`) you could tidy up
- **No urgent issues** beyond the auth expiry
Done. Quick summary:

- **Build:** Passing
- **Tree:** Clean (only heartbeat logs touched)
- **Flag:** Google auth still expired — calendar/email checks remain offline. Everything else looks good. 2 stale stashes and the `feature/overview` branch are still hanging around if you want to clean up.
Heartbeat done. Quick summary:

- **Build:** Passing
- **Tree:** Clean (only heartbeat logs dirty)
- **No new commits** since yesterday's check
- **Google auth still expired** — calendar/email checks remain unavailable
- **Cleanup:** 2 stale stashes + `feature/overview` branch still unmerged
Failed to authenticate. API Error: 401 {"type":"error","error":{"type":"authentication_error","message":"OAuth token has expired. Please obtain a new token or refresh your existing token."},"request_id":"req_011CYg6ymeUUsePX1NmGr12Y"}
Done. Quick summary:

- **Build:** Passing
- **Working tree:** Clean
- **Flags:** Google auth still expired (no calendar/email). Overnight heartbeat hasn't run since Feb 26 — cron may need a restart.
- **Cleanup:** 2 droppable stashes, 1 unmerged branch (`feature/overview`).
Done. Quick summary:

- **Build:** Passing
- **Working tree:** Clean
- **Last commit:** b89d7c8 (FB date sample debugging)
- **Issues:** Google auth still expired (no calendar/email access since Feb 26), automated heartbeat cron appears stalled for 5 days
- **Housekeeping:** 2 droppable stashes, 1 unmerged branch (`feature/overview`)
Done. Quick summary:

- **Build:** Passing
- **Working tree:** Clean
- **2 flags:** Google auth still expired (no calendar/email since Feb 26), and the automated cron hasn't run in 5 days — likely needs a restart.
- **Cleanup:** 2 stale stashes and 1 unmerged branch (`feature/overview`) sitting around.
Done. Quick summary:

- **Build:** Passing
- **Working tree:** Clean
- **Last commit:** `b89d7c8` (FB date samples / matching alignment)
- **Google auth:** Still expired — no calendar/email checks possible. 5-day gap since last automated heartbeat.
- **Housekeeping:** 2 droppable stashes, 1 unmerged branch (`feature/overview`)
Done. Briefing written to `briefing/heartbeat-today.md`.

**Quick summary:**
- **Build:** Passing
- **Working tree:** Clean
- **2 flags:** Google auth still expired (no calendar/email), and no automated heartbeat has run since Feb 26 — cron likely needs a restart.
- **Cleanup:** 2 old stashes + 1 unmerged branch (`feature/overview`).
Done. Quick summary:

- **Build:** Passing
- **Working tree:** Clean
- **Flags:** Google auth still expired (6 days now), automated cron likely stalled
- **Cleanup:** 2 old stashes + 1 unmerged branch (`feature/overview`)

Nothing else urgent. Output written to `briefing/heartbeat-today.md`.
Done. Quick summary:

- **Build:** Passing
- **Tree:** Clean
- **Two flags:** Google auth still expired (no calendar/email since Feb 26), and the automated heartbeat cron hasn't run in 6 days — likely needs a restart.
Done. Two things need attention:

1. **Google auth expired** since Feb 26 — Calendar/Gmail checks are blocked until you re-authenticate.
2. **Automated heartbeat stopped** — the cron/launchd job hasn't run in 6 days.

Everything else looks good: build passes (3.2s, 29 pages), working tree is clean, recent work focused on FB campaign matching debug in the test tracker.
Done. Quick summary:

- **Build:** Passing (2.7s, 29 pages)
- **Working tree:** Clean
- **Two issues:** Google auth expired since Feb 26 (no calendar/email access), and automated heartbeat cron appears stopped (6 days stale)
- **Cleanup:** 2 droppable stashes, 1 unmerged branch (`feature/overview`)
Heartbeat done. Summary:

- **Build:** Passing (2.7s, 29 pages)
- **Tree:** Clean
- **2 issues:** Google auth expired since Feb 26 (no calendar/email access), and automated heartbeat cron appears stopped
- **Cleanup:** 2 stale stashes, 1 unmerged branch (`feature/overview`)
Done. Briefing written to `briefing/heartbeat-today.md`.

**Key findings:**
- **Build:** Passing (3.4s, 29 pages)
- **Working tree:** Clean
- **Google auth** still expired since Feb 26 — calendar/email checks unavailable
- **Automated heartbeat** hasn't run in 6 days — likely needs launchd restart
- 2 stale stashes + 1 unmerged branch (`feature/overview`) could be cleaned up
Done. Quick summary:

- **Build:** Passing (2.7s, 29 pages)
- **Working tree:** Clean
- **Two issues:** Google auth expired since Feb 26 (no calendar/email access), and the automated heartbeat cron hasn't run since then either. Both need re-auth/restart.
- **Cleanup:** 2 old stashes and `feature/overview` branch could be tidied up.
Done. Quick summary:

- **Build:** Passing, all good
- **2 issues:** Google auth expired (6 days) and automated heartbeat stopped since Feb 26
- **Working tree:** Clean aside from heartbeat logs
- **Housekeeping:** 2 stale stashes + `feature/overview` branch unmerged
Done. Quick summary:

- **Build:** Passing
- **Working tree:** Clean
- **2 items need attention:** Google auth is still expired (6 days now), and the automated heartbeat cron hasn't run since Feb 26.
- **Cleanup:** 2 stashes and 1 unmerged branch (`feature/overview`) could be tidied up.
Done. Key takeaways:

- **Build: passing**, working tree clean
- **Google auth expired** for 6 days — calendar/email checks can't run, and this is likely why the automated heartbeat stopped committing
- **launchd agent is loaded** (`com.brain.heartbeat`) but the overnight script errors on auth
- 2 stale stashes and 1 unmerged branch (`feature/overview`) to clean up when ready
Done. Quick summary:

- **Build:** Passing
- **Working tree:** Clean
- **Main issue:** Google auth still expired (7 days now) — calendar/email checks blocked, automated heartbeat not committing
- **Cleanup:** 2 stashes + 1 unmerged branch (`feature/overview`) you could clean up
- **Recent work:** FB campaign matching debugging in test tracker
Heartbeat done. Summary:

- **Build:** Passing
- **Working tree:** Clean
- **Main issue:** Google auth has been expired since Feb 26 — calendar, Gmail, and automated overnight heartbeats are all broken. Re-auth needed to restore them.
- **Cleanup:** 2 stale stashes and 1 unmerged branch (`feature/overview`) could be tidied up.
Done. Written to `briefing/heartbeat-today.md`.

**Key findings:**
- **Build passing**, working tree clean
- **Google auth expired 7 days** — Calendar/Gmail checks and automated overnight heartbeat are both broken until you re-auth
- 2 droppable stashes and 1 unmerged branch (`feature/overview`) as cleanup candidates
Heartbeat done. Summary:

- **Build:** Passing
- **Working tree:** Clean (only heartbeat files modified)
- **Latest commit:** `b89d7c8` — FB date samples & matching alignment
- **Action needed:** Google auth expired 7 days ago — re-auth to restore calendar/email checks and the automated heartbeat agent
- **Cleanup:** 2 stale stashes + 1 unmerged branch (`feature/overview`)
Heartbeat written to `briefing/heartbeat-today.md`.

**Key findings:**
- **Build:** Passing
- **Auth:** Google credentials expired 7 days ago — calendar/email checks are blocked until you re-auth
- **Overnight heartbeat:** Stalled since Feb 26 (same auth issue)
- **Housekeeping:** 2 droppable stashes, 1 unmerged branch (`feature/overview`)
Done. Written to `briefing/heartbeat-today.md`.

**Summary:** Build is passing, working tree is clean. Main flag: Google auth has been expired since Feb 26 — calendar/Gmail checks and the overnight heartbeat are still blocked until you re-auth. Two old stashes and the `feature/overview` branch are still around if you want to clean up.
Done. Briefing written to `briefing/heartbeat-today.md`.

**Quick summary:**
- **Build:** Passing
- **Tree:** Clean (only heartbeat files modified)
- **Flag:** Google auth still expired (6 days) — calendar/email checks blocked until you re-auth
- **Housekeeping:** 2 droppable stashes, 1 unmerged branch (`feature/overview`)
Done. Quick summary:

- **Build:** Passing
- **Working tree:** Clean
- **Main issue:** Google auth still expired since Feb 26 — calendar/email checks can't run until you re-auth
- **Cleanup:** 2 stale stashes + `feature/overview` branch unmerged
Done. Quick summary:

- **Build:** Passing
- **Tree:** Clean (only heartbeat files dirty)
- **Action needed:** Google auth still expired since Feb 26 — calendar/email checks remain unavailable
- **Housekeeping:** 2 stale stashes and `feature/overview` branch could be cleaned up
Heartbeat done. Summary:

- **Build:** Passing
- **Tree:** Clean (only heartbeat files modified)
- **Google auth:** Still expired since Feb 26 — calendar/email checks skipped
- **Cleanup:** 2 stale stashes + `feature/overview` branch unmerged
- **No urgent issues** beyond the auth expiry
Done. Briefing written to `briefing/heartbeat-today.md`.

**Quick summary:**
- **Build:** Passing
- **Working tree:** Clean
- **Google auth:** Still expired since Feb 26 — calendar/email checks unavailable
- **Cleanup:** 2 stashes + 1 unmerged branch (`feature/overview`) you could tidy up
- No other issues found
Heartbeat done. Summary:

- **Build:** Passing
- **Working tree:** Clean
- **Google auth:** Still expired since Feb 26 -- calendar/email unavailable
- **Cleanup:** 2 stale stashes, 2 unmerged branches (`feature/overview`, `feature/ga4-landing-pages`)
- **No urgent issues** beyond the auth expiry
Heartbeat complete. Summary:

- **Build:** Passing
- **Working tree:** Clean (only heartbeat files modified)
- **Action needed:** Google auth still expired since Feb 26 -- re-auth to restore calendar/email checks
- **Cleanup:** 2 stale stashes and 2 unmerged feature branches (`feature/overview`, `feature/ga4-landing-pages`)
Heartbeat done. Summary:

- **Build:** Passing
- **Working tree:** Clean (only heartbeat files modified)
- **Google auth:** Still expired since Feb 26 — calendar/email checks skipped
- **Cleanup:** 2 stale stashes + 2 unmerged feature branches (`feature/overview`, `feature/ga4-landing-pages`)
- **Recent work:** FB campaign matching debugging in test tracker
Done. Quick summary:

- **Build:** Passing
- **Working tree:** Clean
- **Google auth:** Still expired since Feb 26 -- re-auth needed for calendar/email
- **Cleanup:** `feature/ga4-landing-pages` has 0 commits ahead (safe to delete), 2 old stashes can be dropped
- **`feature/overview`:** 4 commits ahead of main -- worth reviewing
Heartbeat written to `briefing/heartbeat-today.md`. Quick summary:

- **Build:** Passing
- **Tree:** Clean (only heartbeat files modified)
- **Google auth:** Still expired since Feb 26 -- calendar/email checks unavailable
- **Cleanup:** `feature/ga4-landing-pages` is safe to delete (0 ahead), `feature/overview` has 4 commits to review, 2 old stashes can be dropped
Done. Quick summary:

- **Build:** Passing
- **No new commits** since last heartbeat (b89d7c8 is still latest)
- **Google auth** still expired since Feb 26 -- calendar/email checks remain unavailable
- **feature/overview** still has 4 commits ahead of main (nav restructure + dashboard rebuild) -- worth reviewing
- **2 stale stashes** and `feature/ga4-landing-pages` branch can be cleaned up
Done. Key takeaways:

- **Build is passing**
- **Google auth still expired** since Feb 26 — no calendar/email access
- **`feature/overview`** has 4 unmerged commits (nav restructure, dashboard rebuild, FB data switch) — worth reviewing
- **Cleanup:** `feature/ga4-landing-pages` branch and 2 stashes can be safely dropped
Heartbeat written to `briefing/heartbeat-today.md`. Quick summary:

- **Build:** Passing
- **Tree:** Clean (only heartbeat files dirty)
- **Google auth** still expired since Feb 26 -- no calendar/email access
- **`feature/overview`** has 4 unmerged commits -- worth reviewing
- **2 stale stashes** and `feature/ga4-landing-pages` branch safe to clean up
Heartbeat written to `briefing/heartbeat-today.md`.

**Quick summary:** Build is passing, working tree is clean. Two items need attention:
1. **Google auth** is still expired (since Feb 26) — no calendar/email access
2. **`feature/overview`** branch has 5 unmerged commits worth reviewing

Cleanup-wise: 2 stale stashes and the merged `feature/ga4-landing-pages` branch can be dropped.
Heartbeat done. Quick summary:

- **Build:** Passing
- **Branch:** main, up to date with origin
- **Google auth:** Still expired since Feb 26 — calendar/email unavailable
- **`feature/overview`:** 4 unmerged commits worth reviewing
- **Cleanup:** 2 stale stashes + `feature/ga4-landing-pages` branch safe to delete
Done. Heartbeat written to `briefing/heartbeat-today.md`.

**Key findings:**
- **Build:** Passing
- **Google auth:** Still expired since Feb 26 — calendar/email checks blocked
- **`feature/overview`:** 4 unmerged commits worth reviewing
- **Cleanup:** 2 stale stashes + `feature/ga4-landing-pages` branch can be deleted
Heartbeat written to `briefing/heartbeat-today.md`. Quick summary:

- **Build:** Passing
- **Main branch:** Up to date with origin
- **Attention:** Google auth still expired (since Feb 26). `feature/overview` has 4 unmerged commits worth reviewing.
- **Cleanup:** 2 stale stashes and `feature/ga4-landing-pages` branch can be deleted.
Heartbeat complete. Summary:

- **Build:** Passing
- **Working tree:** Clean (main, up to date)
- **Google auth:** Still expired since Feb 26 -- no calendar/email access
- **Cleanup:** 2 stale stashes, `feature/ga4-landing-pages` can be deleted, `feature/overview` has 5 unmerged commits to review

Output written to `briefing/heartbeat-today.md`.
Heartbeat done. Quick summary:

- **Build:** Passing
- **Working tree:** Clean (main, up to date)
- **Flags:** Google auth still expired (since Feb 26), `feature/overview` has 5 unmerged commits worth reviewing
- **Cleanup:** 2 stale stashes + `feature/ga4-landing-pages` branch can be deleted
Heartbeat done. Quick summary:

- **Build:** Passing
- **2 items need attention:** Google auth still expired (no calendar/email access since Feb 26), and `feature/overview` has 5 unmerged commits worth reviewing
- **Cleanup:** 2 stale stashes, 1 merged branch (`feature/ga4-landing-pages`) safe to delete

Output written to `briefing/heartbeat-today.md`.
The background build task completed successfully (exit code 0) — consistent with the build check I already ran. The heartbeat is up to date, no changes needed.
Done. Quick summary:

- **Build:** Passing
- **Working tree:** Clean (in sync with origin)
- **Google auth:** Still expired since Feb 26 -- calendar/email checks skipped
- **`feature/overview`:** 4 unmerged commits, 9 days stale -- worth reviewing
- **Cleanup:** 2 stale stashes + `feature/ga4-landing-pages` branch can be deleted

Output written to `briefing/heartbeat-today.md`.
Done. Key findings:

- **Build passing**, working tree clean
- **Local is 8 commits behind origin** (all automated heartbeat commits) -- `git pull` to sync
- **Google auth still expired** since Feb 26 -- calendar/email checks remain unavailable
- **`feature/overview`** is now 8 weeks stale with 4 unmerged commits -- worth deciding on
- 2 stashes and 1 merged branch (`feature/ga4-landing-pages`) are safe to clean up
Heartbeat done. Key findings:

- **Build passing**, working tree clean
- **8 commits behind origin** — `git pull` to sync
- **Google auth still expired** since Feb 26 — calendar/email unavailable
- **`feature/overview`** is 8 weeks stale — worth deciding on
- 2 old stashes and `feature/ga4-landing-pages` branch ready for cleanup
Heartbeat complete. Summary:

- **Build:** Passing
- **Behind origin:** 8 commits (all heartbeat-related, safe to `git pull`)
- **Stale branch:** `feature/overview` is 8 weeks old -- worth deciding on
- **Cleanup:** 2 stashes + `feature/ga4-landing-pages` branch safe to drop
- **Google auth** still expired, so no calendar/email checks
Heartbeat written to `briefing/heartbeat-today.md`. Quick summary:

- **Build:** Passing
- **Sync:** 8 commits behind origin (heartbeat commits only) — `git pull` to fix
- **Cleanup:** `feature/ga4-landing-pages` merged and deletable; `feature/overview` 10 weeks stale with 4 unmerged commits; 2 old stashes
- **Calendar/Email:** Still needs Google re-auth (expired since Feb)
Heartbeat written to `briefing/heartbeat-today.md`. Quick summary:

- **Build:** Passing
- **Local main:** 8 commits behind origin (heartbeat commits only) — `git pull` to sync
- **Stale branches:** `feature/overview` (8wk), `feature/ga4-landing-pages` (4wk) — consider cleanup
- **2 old stashes** safe to drop
- **Google auth** still expired for calendar/email checks
Heartbeat done. Quick summary:

- **Build:** Passing
- **8 behind origin** — just heartbeat commits, `git pull` will sync
- **2 stale branches** to clean up (`feature/overview`, `feature/ga4-landing-pages`)
- **2 old stashes** safe to drop
- **Google auth** still expired since Feb 26 — no calendar/email checks possible
Heartbeat complete. Summary:

- **Build:** Passing
- **8 commits behind origin** (heartbeat-only) — `git pull` to sync
- **2 stale branches** to clean up (`feature/overview`, `feature/ga4-landing-pages`)
- **2 old stashes** safe to drop
- **Google auth still expired** since Feb 26 — no calendar/email access

Nothing urgent beyond the housekeeping items.
Heartbeat written to `briefing/heartbeat-today.md`. Quick summary:

- **Build:** Passing
- **8 behind origin** -- just heartbeat commits, `git pull` to sync
- **2 stale branches** worth cleaning up (`feature/overview`, `feature/ga4-landing-pages`)
- **2 old stashes** safe to drop
- **Google auth** still expired since Feb 26 -- calendar/email checks unavailable
Heartbeat done. Key takeaways:

- **Build:** Passing
- **Git:** 8 commits behind origin (all heartbeat auto-commits) -- `git pull` to sync
- **Stale branches:** `feature/overview` and `feature/ga4-landing-pages` are candidates for cleanup
- **2 stashes** can likely be dropped
- **Google auth** still expired since Feb 26 -- re-auth needed to restore calendar/email checks
Done. Quick summary:

- **Build:** Passing
- **8 commits behind origin** -- all just automated heartbeat commits, safe to `git pull`
- **Google auth** still expired since Feb 26 -- calendar/email checks won't work until re-authed
- **2 stale branches** and **2 stashes** could be cleaned up when convenient
Heartbeat complete. Summary:

- **Build:** Passing
- **8 commits behind origin** (heartbeat-only) -- `git pull` to sync
- **Working tree:** Clean
- **Google auth:** Still expired since Feb 26, blocking calendar/email checks
- **Cleanup:** 2 stale branches + 2 old stashes to consider dropping
Heartbeat done. Quick summary:

- **Build:** Passing
- **8 behind origin** -- just heartbeat commits, `git pull` to sync
- **Google auth expired** since Feb 26 -- calendar/email checks unavailable until you re-auth
- **2 stashes + 2 stale branches** could be cleaned up
- Nothing else urgent.
Heartbeat done. Quick summary:

- **Build:** Passing
- **8 commits behind origin** (all heartbeat commits) — `git pull` to sync
- **Google auth expired** since Feb 26 — calendar/email checks unavailable
- **2 stale branches** and **2 stashes** you could clean up when convenient
Heartbeat done. Quick summary:

- **Build:** Passing
- **8 commits behind origin** -- `git pull` to sync
- **Google auth still expired** since Feb 26 -- calendar/email checks unavailable
- **2 stale branches** and **2 stashes** could be cleaned up
- No other issues. Working tree is clean.
Heartbeat check complete. Summary:

- **Build:** Passing
- **8 commits behind** origin/main — `git pull` to sync
- **Google auth** still expired since Feb 26 — calendar/email checks unavailable
- **2 stale branches** and **2 stashes** could be cleaned up
- No other issues found
Done. Quick summary:

- **Build:** Passing
- **Local main:** 8 behind origin -- `git pull` needed
- **Google auth:** Still expired since Feb 26
- **Stale branches:** 2 candidates to clean up
- **Stashes:** 2 old WIP, safe to drop

Nothing urgent beyond syncing with origin.
Done. Summary:

- **Build:** Passing
- **Action needed:** You're 8 commits behind origin (heartbeat auto-commits). Run `git pull`. Google auth still expired since Feb 26.
- **Cleanup:** 2 droppable stashes, 2 stale branches worth reviewing.
- **No calendar/email** until Google re-auth.
Done. Quick summary:

- **Build:** Passing
- **Action needed:** `git pull` — you're 8 commits behind origin
- **Working tree:** Clean
- **Cleanup:** 2 stale branches + 2 old stashes can be tidied up
- **No urgent issues**
Heartbeat done. Key findings:

- **Build:** Passing
- **Action needed:** You're 8 commits behind `origin/main` — run `git pull`
- **Working tree:** Clean (just heartbeat logs)
- **Cleanup:** 2 stale branches + 2 old stashes could be dropped
- **No issues or failures detected**
Done. Key finding: you're now **12 commits behind origin/main** (up from 8). Run `git pull` to sync. Build is passing, working tree is clean.
Done. Key finding: **local main is 12 commits behind origin** — run `git pull` to sync. Build is passing, working tree is clean. Two old stashes and two stale branches could be cleaned up.
Done. Quick summary:

- **Build:** Passing
- **12 behind origin/main** — all heartbeat overnight commits, nothing code-related. `git pull` to sync.
- **Working tree:** clean (just heartbeat logs)
- **Stale branches & 2 stashes** flagged for cleanup
Heartbeat check done. Everything looks the same as last check:

- **Build:** Passing
- **Local main:** 12 commits behind origin (all heartbeat commits) — `git pull` when ready
- **Working tree:** Clean
- **2 stale stashes** and **2 old feature branches** available to clean up
- No new issues detected
Heartbeat done. Summary:

- **Build:** Passing
- **Behind origin:** 12 commits (all heartbeat-only) — `git pull` to sync
- **Working tree:** Clean
- **Cleanup:** 2 stale stashes, 2 old feature branches worth reviewing

Nothing urgent.
Heartbeat done. Summary:

- **Build:** Passing
- **12 commits behind origin** — all heartbeat commits, `git pull` to sync
- **Working tree:** Clean (just heartbeat logs)
- **2 stashes** and **2 stale branches** could be cleaned up
- Nothing urgent.
Heartbeat done. Summary:

- **Build:** Passing
- **Local main:** 12 commits behind origin (all heartbeat commits) — `git pull` to sync
- **Working tree:** Clean
- **Stale branches:** `feature/ga4-landing-pages`, `feature/overview` — consider cleanup
- **2 stashes** safe to drop

No urgent issues.
Heartbeat done. Summary:

- **Build:** Passing
- **12 commits behind origin** — all heartbeat commits, just run `git pull`
- **Working tree:** Clean
- **2 stale branches** and **2 stashes** you could clean up
- Nothing urgent.
Done. Summary:

- **Build:** Passing
- **Action needed:** `git pull` — you're 12 commits behind origin (all heartbeat commits)
- **Cleanup:** 2 stale stashes, 2 old feature branches
- **Working tree:** Clean besides heartbeat logs
Heartbeat done. Summary:

- **Build:** Passing
- **Action needed:** `git pull` to sync 12 heartbeat commits from origin
- **Cleanup:** 2 stale stashes, 2 old feature branches could be dropped
- Everything else looks clean.
Heartbeat done. Summary:

- **Build:** Passing
- **Main branch:** 12 behind origin (all heartbeat commits) — `git pull` to sync
- **Working tree:** Clean aside from heartbeat logs
- **Cleanup:** 2 droppable stashes, 2 stale feature branches
- **No urgent issues**
Heartbeat done. Summary:

- **Build:** Passing
- **12 commits behind origin** — all heartbeat commits, `git pull` to sync
- **Working tree:** Clean (just heartbeat logs)
- **Cleanup:** 2 stale stashes + 2 old feature branches to consider dropping
Done. Quick summary:

- **Build:** Passing
- **Action needed:** `git pull` to sync 12 heartbeat commits from origin
- **Cleanup:** 2 stale stashes + 2 old feature branches could be dropped
- **No calendar/email** (no Google auth configured)
Heartbeat done. Summary:

- **Build:** Passing
- **Action needed:** `git pull` — you're 12 commits behind origin (all heartbeat commits)
- **Cleanup:** 2 stale stashes + 2 old feature branches to consider dropping
- **No calendar/email** (no Google auth configured)
**Heartbeat done.** Quick summary:

- **Build:** Passing
- **Action needed:** `git pull` — you're 12 commits behind origin (all heartbeat commits)
- **Cleanup:** 2 stale stashes + 2 old feature branches could be dropped
- **No calendar/email** (no Google auth configured)

Nothing urgent.
Done. Quick summary:

- **Build:** Passing
- **Attention:** Local is 12 commits behind origin (all heartbeat commits) — `git pull` to sync
- **Working tree:** Clean aside from heartbeat logs
- **Cleanup:** 2 stale stashes + 2 old feature branches could be dropped
Done. Quick summary:

- **Build:** Passing
- **Action needed:** `git pull` — you're 12 commits behind origin (all heartbeat commits)
- **Cleanup:** 2 stale stashes + 2 old feature branches could be dropped
- **No calendar/email** (no Google auth)
Heartbeat done. Summary:

- **Build:** Passing
- **12 commits behind origin** (all heartbeat commits) — `git pull` to sync
- **Working tree:** Clean
- **2 stale branches** and **2 stashes** you could clean up
- No calendar/email (no auth configured)
Done. Briefing written to `briefing/heartbeat-today.md`.

**Summary:** Build is passing, working tree is clean. You're still 12 commits behind origin (all heartbeat commits) — `git pull` when ready. Two old stashes and two stale feature branches are still hanging around if you want to clean up.
Heartbeat done. Summary:

- **Build:** Passing
- **12 commits behind origin** — all heartbeat auto-commits, safe to `git pull`
- **Working tree:** Clean
- **Cleanup:** 2 stale stashes + 2 old feature branches could be dropped
- **No urgent issues**
Heartbeat done. Summary:

- **Build:** Passing (2.5s, 29 routes)
- **Action needed:** `git pull` — you're 12 commits behind origin (all heartbeat commits)
- **Cleanup:** 2 stale stashes + 2 old feature branches could be dropped
- **No email/calendar** — no Google auth configured
Heartbeat complete. Summary:

- **Build:** PASSING (2.6s, 29 routes)
- **Local main:** 12 commits behind origin (all heartbeat commits) — `git pull` to sync
- **Working tree:** clean
- **Cleanup:** 2 stale stashes + 2 old feature branches still around
Heartbeat done. Summary:

- **Build:** Passing (3.2s, 0 errors)
- **Git:** 12 commits behind origin (all heartbeat commits) — `git pull` to sync
- **Working tree:** Clean
- **Cleanup:** 2 stale stashes, 2 old feature branches
- **No urgent issues**
Heartbeat done. Summary:

- **Build:** Passing
- **Branch:** 12 behind origin (heartbeat commits only) — `git pull` to sync
- **Working tree:** Clean aside from heartbeat logs
- **Cleanup:** 2 droppable stashes, 2 stale feature branches
- **No urgent issues**
Done. Key findings:

- **12 commits behind origin** — run `git pull` to sync
- **175 TS errors** in `week7/src/hooks/useDataInsights.ts` — not blocking but worth attention
- Working tree is clean, 2 stale stashes and 2 stale branches could be cleaned up
Heartbeat done. Key updates:

- **TS errors dropped from 175 → 7** — all same issue in `useDataInsights.ts` (string indexing on union type)
- **12 commits behind origin** — all heartbeat commits, `git pull` to sync
- **Working tree clean**, 2 old stashes still around
- No unmerged feature branches left
Done. Key findings:

- **12 commits behind origin** — run `git pull`
- **175 TS errors** across 42 files (previous report said 7 — that was wrong). Top offenders: `page.tsx`, `useDataInsights.ts`, `test-tracker/route.ts`
- Working tree is clean, 2 stale stashes
Done. Quick summary:

- **12 behind origin** — just heartbeat commits, `git pull` to sync
- **175 TS errors** — unchanged, not blocking dev
- **Working tree clean** — only heartbeat logs modified
- **2 stale stashes** — safe to drop when ready
- No calendar/email integration configured
The background task completed — it confirmed the same 175 TS errors count I already captured. The heartbeat briefing is up to date, nothing new to add.
Heartbeat done. Key findings:

- **12 commits behind origin** — run `git pull` to sync (all heartbeat commits)
- **175 TS errors** — unchanged, not blocking dev
- **Working tree clean** aside from heartbeat logs
- **2 stashes** sitting around if you want to clean up
Heartbeat done. Quick summary:

- **12 commits behind origin** (all heartbeat commits) — `git pull` to sync
- **175 TS errors** still present (unchanged, not blocking)
- **Working tree:** clean aside from heartbeat logs
- **2 stashes** could be cleaned up
- No calendar/email access configured
Done. Quick summary:

- **12 commits behind origin** (all heartbeat commits) — `git pull` to sync
- **175 TS errors** still present, not blocking dev
- Working tree is clean (only heartbeat logs modified)
- 2 old stashes safe to drop
- No calendar/email integration configured
Heartbeat done. Key findings:

- **12 commits behind origin** (all heartbeat commits) — `git pull` to sync
- **175 TS errors** still present (unchanged, not blocking)
- **Working tree clean** aside from heartbeat logs
- **2 stashes** sitting around, safe to drop
- Last real work: FB date/campaign matching debug in test tracker
Heartbeat written to `briefing/heartbeat-today.md`. Quick summary:

- **12 commits behind origin** (all heartbeat commits) — `git pull` to sync
- **175 TS errors** still present (unchanged, not blocking)
- Working tree clean, last commit was FB date sample debugging
- 2 old stashes sitting around if you want to clean up
Done. Briefing written to `briefing/heartbeat-today.md`. Quick summary:

- **12 commits behind origin** (all heartbeat commits) — `git pull` to sync
- **175 TS errors** still present, not blocking dev
- **Working tree clean** aside from heartbeat logs
- **2 stashes** safe to drop
- No calendar/email access configured
Done. Summary: no changes since yesterday — same 175 TS errors, still 12 commits behind origin (heartbeat-only), 2 stale stashes. Nothing urgent.
Heartbeat check done. No changes from last run — everything is stable:

- **12 commits behind origin** (all heartbeat commits, just `git pull`)
- **175 TS errors** (unchanged, not blocking)
- **Working tree clean**, 2 old stashes you can drop
- No new issues flagged
Heartbeat done. Quick summary:

- **12 behind origin** — run `git pull` to sync
- **175 TS errors** — unchanged, not blocking
- **Working tree** clean (just heartbeat logs)
- **2 stashes** sitting around, safe to drop
- No calendar/email integration configured

Nothing urgent today.
Heartbeat done. Key findings:

- **12 commits behind origin** — all heartbeat commits, `git pull` to sync
- **175 TS errors** — unchanged, not blocking
- **Working tree clean** (just heartbeat logs)
- **2 stashes** still sitting around, safe to drop
Heartbeat done. Quick summary:

- **12 commits behind origin** — all heartbeat-related, `git pull` to sync
- **175 TS errors** — unchanged, not blocking anything
- **Working tree clean** (just heartbeat logs modified)
- **2 stashes** sitting around if you want to drop them
Done. Quick summary:

- **14 commits behind origin** (was 12 last check) — all heartbeat commits, `git pull` to sync
- **175 TS errors** — unchanged, not blocking anything
- **Working tree clean** aside from heartbeat logs
- **2 stale stashes** safe to drop
- No calendar/email (no Google auth)
Heartbeat done. Summary:

- **14 commits behind origin** — consider `git pull`
- **175 TS errors** — unchanged, not blocking
- **Working tree clean** (just heartbeat logs)
- **2 stashes** you could drop
- No calendar/email access configured
Heartbeat done. Key findings:

- **14 commits behind origin** — run `git pull` to sync
- **175 TS errors** — unchanged, not blocking
- **2 stashes** on main you could drop
- No calendar/email (no Google auth configured)
Heartbeat updated. Key findings:

- **14 commits behind origin** (all heartbeat commits) — `git pull` to sync
- **175 TS errors** — unchanged, not blocking anything
- **Working tree clean** aside from heartbeat logs
- **2 stashes** still hanging around, safe to drop
Heartbeat done. Key findings:

- **14 commits behind origin** — you should `git pull`
- **175 TS errors** — same as before, not blocking
- **2 stale stashes** you can drop
- Working tree is clean, no calendar/email integration
Heartbeat done. Status is essentially unchanged from last check:

- **14 behind origin** — `git pull` when ready
- **175 TS errors** — same count, not blocking anything
- **Working tree clean** (just heartbeat logs)
- **2 old stashes** you could drop
- No new remote activity
Heartbeat updated. Two things need attention:

- **14 commits behind origin** — `git pull` to sync
- **175 TS errors** — unchanged, not blocking dev server
- 2 old stashes safe to drop when convenient
Done. Key findings:

- **14 commits behind origin** — you should `git pull`
- **175 TS errors** — same count as before, not new
- Working tree is clean, 2 old stashes you could drop
- No Google auth for calendar/email checks
Done. Quick summary:

- **14 commits behind origin** — you should `git pull`
- **175 TS errors** — unchanged, not blocking anything
- **Working tree** is clean
- **2 old stashes** you could drop
- No changes since last heartbeat — project is stable
Done. Key findings:

- **14 commits behind origin** — you should `git pull`
- **175 TS errors** — same as before, not blocking anything
- **2 stashes** sitting on main if you want to clean those up
- Working tree is clean otherwise
Heartbeat done. Key findings:

- **14 commits behind origin** — you should `git pull`
- **175 TS errors** — same as before, not blocking anything
- Working tree is clean, 2 old stashes you could drop
- No calendar/email integration configured
Heartbeat written to `briefing/heartbeat-today.md`. Key findings:

- **14 commits behind origin** — you should `git pull`
- **175 TS errors** — same as before, not blocking
- **2 stale stashes** — safe to drop when ready
- Working tree is clean otherwise
Heartbeat done. Key findings:

- **14 commits behind origin** — you should `git pull`
- **175 TS errors** — same as before, not blocking
- **2 old stashes** — safe to drop whenever
- Working tree is clean otherwise
Done. Quick summary:

- **14 behind origin** — all automated heartbeat commits, safe to pull
- **175 TS errors** — unchanged from last check
- **Working tree** is clean
- **2 stashes** still sitting around if you want to drop them
Done. Quick summary:

- **14 behind origin** (all heartbeat commits, safe to pull)
- **175 TS errors** — unchanged, not blocking anything
- **Working tree:** clean
- **2 stale stashes** you could drop
Heartbeat done. Quick summary:

- **14 behind origin** — safe to pull (just heartbeat commits)
- **175 TS errors** — same as before, not blocking anything
- **Working tree** is clean aside from heartbeat logs
- **2 stale stashes** you could drop when convenient
Heartbeat updated. Key findings:

- **15 behind origin** (was 14) — all automated, safe to pull
- **175 TS errors** — unchanged
- **Working tree:** clean aside from heartbeat logs
- **2 stashes** still lingering, safe to drop when ready
Heartbeat done. Quick summary:

- **15 behind origin** — safe to `git pull` (automated heartbeat commits)
- **175 TS errors** — same as before, not blocking anything
- **Working tree clean** — only heartbeat logs modified
- **2 stashes** still sitting around if you want to drop them
- No new issues detected since last check
Done. Quick summary:

- **15 behind origin** — safe to pull (just heartbeat commits)
- **175 TS errors** — same as before, not blocking anything
- **Working tree clean** — only heartbeat log files modified
- **2 stashes** sitting around if you want to clean up
- No calendar/email (no Google auth)
Heartbeat done. Quick summary:

- **15 behind origin** — safe to pull (automated heartbeat commits)
- **175 TS errors** — unchanged, not blocking anything
- **Working tree:** clean
- **2 stashes** you could drop if you want to tidy up
Heartbeat done. No changes from earlier today:

- **15 behind origin** — safe to pull (automated heartbeat commits)
- **175 TS errors** — unchanged, not blocking dev
- **Working tree:** clean
- **2 stashes** you could drop

Nothing urgent.
Done. No changes from yesterday's state — same 175 TS errors, still 15 commits behind origin (all heartbeat commits, safe to pull), 2 stale stashes. Nothing urgent.
Heartbeat done. No changes from last check:

- **15 behind origin** — safe to pull (all heartbeat commits)
- **175 TS errors** — unchanged, not blocking
- **Working tree:** clean
- **2 stashes** still sitting around if you want to drop them
Heartbeat done. No changes from last check — same state:

- **15 behind origin** (safe to pull)
- **175 TS errors** (unchanged, non-blocking)
- **Working tree clean** aside from heartbeat logs
- **2 old stashes** you could drop

Nothing urgent.
Done. Quick summary:

- **15 behind origin** — all heartbeat commits, safe to pull
- **175 TS errors** — unchanged, not blocking anything
- **Working tree clean** (just heartbeat logs modified)
- **2 stale stashes** you could drop
- No calendar/email (no Google auth)
Heartbeat done. No changes from last check — 175 TS errors (stable), 15 commits behind origin (safe to pull), 2 old stashes you could drop. Nothing urgent.
Done. Quick summary:

- **15 behind origin** — all heartbeat overnight commits, safe to pull
- **175 TS errors** — same as before, not blocking anything
- **Working tree clean** aside from heartbeat logs
- **2 stashes** you could drop when convenient
- No calendar/email integration configured
Heartbeat done. Key findings:

- **15 commits behind origin** — all heartbeat commits, safe to pull
- **175 TS errors** — unchanged, not blocking dev
- **2 stashes** on main you could drop
- Working tree is clean (just heartbeat logs modified)
- No calendar/email integration configured
**Heartbeat done.** No changes since last check — same 175 TS errors, still 15 behind origin (all heartbeat commits), 2 droppable stashes. Nothing urgent.
Done. Quick summary:

- **15 behind origin** — all heartbeat commits, `git pull` when ready
- **175 TS errors** — unchanged, not blocking anything
- **Working tree** is clean (just heartbeat logs)
- **2 stale stashes** you could drop
- No calendar/email integration configured
Heartbeat done. No changes from last check:

- **15 behind origin** — all heartbeat commits, safe to pull
- **175 TS errors** — unchanged, not blocking anything
- **Working tree:** clean
- **2 stashes** still hanging around, safe to drop whenever

Nothing urgent today.
Heartbeat written to `briefing/heartbeat-today.md`. Quick summary:

- **15 behind origin** — safe to pull (all heartbeat commits)
- **175 TS errors** — unchanged, not blocking anything
- **Working tree** clean, 2 old stashes you could drop
- No calendar/email access configured
Heartbeat done. Quick summary:

- **15 behind origin** — all overnight heartbeat commits, safe to pull
- **175 TS errors** — same as before, not blocking anything
- **Working tree clean** — only heartbeat logs modified
- **2 stale stashes** you could drop when convenient
Heartbeat done. Quick summary:

- **15 behind origin** — safe to pull (all heartbeat commits)
- **175 TS errors** — same as before, not blocking anything
- **Working tree clean** aside from heartbeat logs
- **2 stale stashes** you could drop when convenient
- No calendar/email (no Google auth)
Heartbeat written to `briefing/heartbeat-today.md`. Quick summary:

- **15 behind origin** — safe to pull (all heartbeat commits)
- **175 TS errors** — unchanged, not blocking anything
- **Working tree** clean, no new commits since yesterday
- **2 old stashes** you could drop

Nothing urgent.
Heartbeat done. Key findings:

- **16 commits behind origin** (up from 15) — all heartbeat commits, safe to pull
- **175 TS errors** — unchanged
- **Working tree:** clean (only heartbeat logs modified)
- No new local commits since last check
Heartbeat updated. Quick summary:

- **16 behind origin** — safe to pull (just heartbeat commits)
- **175 TS errors** — same as before, not blocking anything
- **Working tree clean** — only heartbeat logs modified
- **2 stashes** sitting around if you want to drop them

Nothing urgent.
Heartbeat done. Quick summary:

- **16 behind origin** — safe to pull (all heartbeat commits)
- **175 TS errors** — same as before, not blocking anything
- **Working tree:** clean aside from heartbeat logs
- **2 stale stashes** you could drop
- No new surprises since last check
Heartbeat done. Quick summary:

- **16 behind origin** — safe to pull (all heartbeat commits)
- **175 TS errors** — unchanged, not blocking anything
- **Working tree** clean, no new commits since last check
- **2 stashes** still sitting around if you want to drop them
Heartbeat done. Key findings:

- **16 behind origin** — safe to `git pull` (all heartbeat commits)
- **175 TS errors** — unchanged, not blocking anything
- **Working tree clean** (just heartbeat logs)
- **2 old stashes** you can drop when convenient
- No changes since last check — project state is stable
Heartbeat done. Summary:

- **16 behind origin** — safe to pull (all heartbeat commits)
- **175 TS errors** — unchanged, not blocking anything
- **Working tree:** clean besides heartbeat logs
- **2 stale stashes** you can drop when convenient
- No urgent action needed
Done. Quick summary:

- **16 behind origin** — safe to pull (just heartbeat commits)
- **175 TS errors** — same as yesterday, no regression
- **Working tree clean** — only heartbeat logs modified
- No calendar/email (no Google auth)
Done. Quick summary:

- **16 behind origin** (heartbeat commits only, safe to pull)
- **175 TS errors** — unchanged, not blocking anything
- **Working tree clean** aside from heartbeat logs
- **2 stashes** still sitting around if you want to drop them
Heartbeat done. No changes from the previous check — everything is stable:

- **16 behind origin** (safe heartbeat commits, `git pull` when ready)
- **175 TS errors** (unchanged, not blocking)
- **2 old stashes** you can drop
- Working tree is clean
Heartbeat done. No changes from prior check — state is stable:

- **16 behind origin** (heartbeat commits only, safe to pull)
- **175 TS errors** (unchanged, non-blocking)
- **2 old stashes** you can drop when ready
- Working tree clean, no urgent items
Heartbeat updated. Quick summary:

- **16 behind origin** — safe to pull (all heartbeat commits)
- **175 TS errors** — unchanged, not blocking anything
- **2 stashes** on main you could drop
- Working tree is clean. Nothing urgent.
Heartbeat complete. No changes from last check — state is stable:

- **16 behind origin** (heartbeat commits only, safe to pull)
- **175 TS errors** (unchanged, non-blocking)
- **2 old stashes** you could drop
- Working tree clean otherwise
Heartbeat complete. No changes from last check — everything is stable:

- **16 behind origin** (heartbeat commits only, safe to pull)
- **175 TS errors** (unchanged, non-blocking)
- **Working tree clean** aside from heartbeat logs
- **2 old stashes** you can drop when convenient
Done. Quick summary:

- **16 behind origin** (all heartbeat commits — safe to pull)
- **175 TS errors** (unchanged, not blocking)
- **2 stashes** you could drop
- Working tree is clean aside from heartbeat logs
- No calendar/email access configured
Heartbeat written to `briefing/heartbeat-today.md`. Quick summary:

- **16 behind origin** (all heartbeat commits, safe to pull)
- **175 TS errors** (unchanged, not blocking)
- **2 stale stashes** you could drop
- Working tree clean, nothing urgent
Done. Quick summary:

- **16 behind origin** — all overnight heartbeat commits, safe to pull
- **TS errors:** 175 (unchanged)
- **Working tree:** clean
- **2 stale stashes** you could drop

Nothing urgent.
Heartbeat done. Quick summary:

- **16 behind origin** — safe to pull (overnight heartbeat commits only)
- **Working tree:** clean
- **TS errors:** 175 (unchanged)
- **2 stashes** on main you could drop
- No calendar/email integration configured

Nothing urgent today.
Heartbeat written to `briefing/heartbeat-today.md`. Quick summary:

- **16 behind origin** — safe to pull (just heartbeat commits)
- **1 untracked file** (`PROJECT-STATUS.md`) — commit or ignore
- **175 TS errors** — unchanged, not blocking
- **2 old stashes** — safe to drop
- No calendar/email (no Google auth)

Nothing urgent.
Heartbeat done. Quick summary:

- **16 behind origin** — safe to pull
- **175 TS errors** — unchanged, not blocking
- **1 untracked file** (`PROJECT-STATUS.md`) — needs commit or gitignore
- **2 old stashes** — safe to drop
- Nothing urgent.
Done. Key takeaways:

- **Working tree is clean**, up to date on main
- **Google auth is expired** — overnight calendar/Gmail checks are failing. You'll need to re-authenticate to restore those.
- **174 TS errors** (unchanged, not blocking)
- Latest work: CRO-001 test tracker fix (streak prefix matching + spend anomaly filter)
Done. Key takeaways:

- **Working tree is clean**, main is up to date with origin
- **4 new commits** since last heartbeat (SS-001, SS-002, CRO-001 work)
- **Google auth still expired** — needs re-authentication for calendar/email checks
- **174 TS errors** — unchanged, not blocking
- 2 old stashes still sitting around
Done. Written to `briefing/heartbeat-today.md`.

**Quick summary:** Nothing urgent changed overnight. Working tree is clean, main is in sync with origin, TS errors hold steady at 174. Google auth is still expired (same as yesterday) — that's the only standing issue blocking calendar/email checks. 5 commits landed since last heartbeat, all Smart Spirit and CRO test work.
Done. Key findings:

- **Google auth still expired** — calendar/Gmail checks won't work until you re-authenticate
- **Origin is 1 commit ahead** (overnight heartbeat commit) — `git pull` when ready
- **2 stashes** still sitting on main
- Working tree is clean (aside from heartbeat log files)
Done. Key takeaways:

- **Google auth still expired** — calendar/email checks can't run. Needs re-authentication.
- **1 commit behind origin** — an overnight heartbeat commit. `git pull` when ready.
- Working tree is clean (only heartbeat log files modified). 2 stashes sitting around.
Done. Quick summary:

- **Google auth still expired** since ~Mar 14 — no calendar/email data available
- **1 commit behind origin** (overnight heartbeat commit) — `git pull` when ready
- **Working tree clean**, 2 stashes saved
- Recent work focused on **Smart Spirit vessel tests** and **CRO streak matching fixes**
Heartbeat done. Quick summary:

- **Google auth expired** since ~Mar 14 — calendar/Gmail checks blocked. Needs re-auth.
- **1 behind origin** — overnight heartbeat commit. `git pull` when ready.
- **Working tree clean** aside from expected heartbeat log files.
- **2 stashes** still sitting (fb debug endpoint, streak_sync leads fix).
- Recent work focused on **Smart Spirit vessel profiles** and **SS/CRO test tracker fixes**.
Done. Written to `briefing/heartbeat-today.md`.

**Key flags:**
- Google auth expired since ~Mar 14 — no calendar/email data available
- 1 commit behind origin (overnight heartbeat commit) — `git pull` when ready
- 2 stashes still parked
- Working tree clean otherwise
Done. Two things need attention:

1. **Google auth expired** since ~Mar 14 — calendar/Gmail checks won't work until you re-authenticate.
2. **1 commit behind origin** — run `git pull` to pick up the overnight heartbeat commit.

Everything else looks clean. Smart Spirit work (SS-001, SS-002) is the most recent activity. Two stashes still parked.
Done. Two things need attention:

1. **Google auth expired** since ~Mar 14 — calendar/email checks can't run until you re-authenticate.
2. **1 commit behind origin** — just the overnight heartbeat commit. `git pull` when ready.

Everything else looks clean. Smart Spirit work (SS-001, SS-002) is the latest activity. 2 stashes still parked.
Done. Quick summary:

- **1 behind origin** — overnight heartbeat commit. `git pull` when ready.
- **Google auth expired** since ~Mar 14 — calendar/email checks still down.
- **Working tree clean**, 2 stashes parked.
- Recent work focused on **Smart Spirit vessel tests** and **CRO-001 tracker fixes**.
Done. Key findings:

- **Google auth expired** since ~Mar 14 — no calendar/email data until you re-authenticate
- **1 commit behind origin** — just an overnight heartbeat commit, `git pull` when ready
- **2 stashes** still parked (fb matching debug, streak_sync leads fix)
- Working tree is clean otherwise
Done. Key items:

- **Google auth expired** since ~Mar 14 — calendar/Gmail checks won't work until you re-authenticate
- **1 commit behind origin** — just an overnight heartbeat commit, `git pull` when ready
- **2 stashes** still sitting there (fb matching debug, streak_sync leads fix)
- Working tree is clean otherwise. Recent work focused on Smart Spirit vessel profiles and CRO test tracking.
Heartbeat written to `briefing/heartbeat-today.md`. Quick summary:

- **Google auth expired** since ~Mar 14 — no calendar/email data until you re-authenticate
- **1 behind origin** (overnight heartbeat commit) — `git pull --rebase` to sync
- **2 stashes** still sitting around (fb debug endpoint, streak_sync leads fix)
- **Recent work** focused on Smart Spirit vessel profiles and SS/CRO test fixes
Done. Key takeaways:

- **Google auth expired** since ~Mar 14 — no calendar/email data until you re-authenticate
- **1 behind origin** — run `git pull --rebase` to pick up the overnight heartbeat commit
- Working tree is clean, 2 stashes parked, recent work focused on Smart Spirit tests and CRO streak matching
Done. Two things need attention:

1. **Google auth expired** since ~Mar 14 — re-authenticate to restore calendar/Gmail checks
2. **1 behind origin** — `git pull --rebase` to sync

Everything else looks clean. Smart Spirit work (SS-001, SS-002) is the latest focus. 2 stashes sitting around if you need them.
Heartbeat written to `briefing/heartbeat-today.md`. Two things need attention:

1. **Google auth expired** since ~Mar 14 — calendar/email checks are blocked until you re-authenticate.
2. **1 commit behind origin** — `git pull --rebase` will sync you up.

Everything else looks clean. 2 stashes sitting around if you need them.
Done. Two things flagged:

1. **Google auth expired** since ~Mar 14 — calendar/email checks can't run until you re-authenticate.
2. **1 commit behind origin** — `git pull --rebase` will fix it.

Working tree is clean, 2 stashes saved, recent work is all Smart Spirit vessel tests and CRO tracker fixes.
Heartbeat written to `briefing/heartbeat-today.md`.

**Two items need attention:**
1. **1 commit behind origin** — `git pull --rebase` to sync
2. **Google auth expired** since ~Mar 14 — calendar/Gmail checks still down

Everything else looks clean. Smart Spirit work (SS-001, SS-002) is the latest focus area. 2 stashes sitting around if you need them.
Heartbeat done. Summary:

- **1 behind origin** — you need `git pull --rebase`
- **Google auth expired** (~Mar 14) — calendar/email checks skipped
- **Working tree clean** aside from heartbeat log files
- **2 stashes** still sitting there (fb matching debug, streak_sync leads)
- No drafts, nothing else urgent.
Done. Two things need attention:

1. **2 commits behind origin** — `git pull --rebase` to sync (just overnight heartbeat commits)
2. **Google auth expired since ~Mar 14** — calendar/email checks still down

Everything else looks clean. Smart Spirit work (SS-001, SS-002) is the latest feature track.
Heartbeat written to `briefing/heartbeat-today.md`.

**Two things need attention:**
1. **2 commits behind origin** — `git pull --rebase` to sync
2. **Google auth expired** since ~Mar 14 — calendar/Gmail checks won't work until you re-authenticate

Everything else looks clean. 2 stashes sitting around if you need them.
Heartbeat written to `briefing/heartbeat-today.md`. Two things need attention:

1. **2 commits behind origin** — `git pull --rebase` to sync
2. **Google auth expired** since ~Mar 14 — calendar/Gmail checks won't work until you re-authenticate
Heartbeat written to `briefing/heartbeat-today.md`. Two items need attention:

1. **2 commits behind origin** — `git pull --rebase` to sync
2. **Google auth expired** since ~Mar 14 — calendar/Gmail checks won't work until you re-authenticate

Everything else looks clean. Two stashes sitting around if you need them.
Heartbeat written to `briefing/heartbeat-today.md`. Two items need attention:

1. **2 commits behind origin** — `git pull --rebase` to sync
2. **Google auth expired** since ~Mar 14 — calendar/Gmail checks won't work until you re-authenticate

Everything else looks clean. Working tree only has the expected heartbeat log modifications, 2 stashes parked.
Done. Two things need attention:

1. **2 commits behind origin** — `git pull --rebase` to sync the overnight heartbeat commits.
2. **Google auth still expired** since ~Mar 14 — calendar/email checks won't work until you re-authenticate.

Everything else looks clean. Smart Spirit work (SS-001, SS-002) is the latest activity on main.
Heartbeat written to `briefing/heartbeat-today.md`. Two things need attention:

1. **2 commits behind origin** — `git pull --rebase` to sync
2. **Google auth expired** since ~Mar 14 — calendar/email checks won't work until you re-authenticate

Everything else looks clean. Smart Spirit work (SS-001/SS-002) is the latest activity, 2 stashes parked.
Heartbeat written to `briefing/heartbeat-today.md`. Key findings:

- **Branch is in sync** with origin (was 2 behind yesterday, now caught up)
- **Google auth still expired** since ~Mar 14 — no calendar/email data until you re-authenticate
- 5 recent commits focused on vessel funnel improvements (hyphenated names, source column, lead form color-coding)
- 2 stashes still hanging around
Heartbeat written to `briefing/heartbeat-today.md`.

**Key finding:** Google auth is still expired (since ~Mar 14) — no calendar/email data available. Everything else looks clean: main is in sync with origin, working tree is clean, 2 stashes parked.
Heartbeat written to `briefing/heartbeat-today.md`.

**Key findings:**
- **Google auth still expired** since ~Mar 14 — calendar/email checks are down. Re-authenticate to restore.
- Branch `main` is in sync with origin, working tree clean.
- Latest commit: campaign-attributed bookings + all-vessel bookings indicator.
- 2 stashes still parked (fb matching debug, streak_sync leads fix).
Done. Key finding: **Google auth is still expired** (since ~Mar 14), so calendar/email checks remain unavailable. Everything else looks clean — main is in sync with origin, no uncommitted work beyond heartbeat logs, 2 stashes sitting around.
Done. Key takeaway: **Google auth has been expired since ~Mar 14** — that's the only thing needing attention. Everything else looks healthy: main is in sync with origin, working tree is clean, 2 stashes parked.
API Error: 500 {"type":"error","error":{"type":"api_error","message":"Internal server error"},"request_id":"req_011CZ9DsVpUPC2m75VLTQBVQ"}
Done. Key takeaway: **Google auth is still expired** (since ~Mar 14), so calendar/email checks can't run. Everything else looks healthy — main is in sync with origin, working tree is clean.
Done. Briefing written to `briefing/heartbeat-today.md`.

Key finding: **Google auth is still expired** (since ~Mar 14) — that's the only item needing attention. Everything else looks healthy: main is in sync with origin, working tree clean, 2 stashes parked.
Done. Key finding: **Google auth is still expired** (since ~Mar 14) — that's the only action item. Everything else looks clean: main is in sync with origin, no uncommitted work beyond heartbeat logs.
Done. Written to `briefing/heartbeat-today.md`. 

Key takeaway: **Google auth is still expired** (since ~Mar 14) — that's the only action item. Everything else looks clean: main is in sync with origin, no uncommitted work beyond heartbeat logs, 2 stashes sitting around.
Done. Briefing written to `briefing/heartbeat-today.md`.

**Key finding:** Everything is healthy — main is in sync with origin, working tree clean. The only ongoing issue is **Google auth expired since ~Mar 14**, blocking Calendar/Gmail checks. Re-authenticate when you get a chance.
Done. Key takeaway: **Google auth is still expired** (since ~Mar 14) — that's the only thing needing attention. Everything else looks clean: main is in sync with origin, working tree is tidy, and the last few commits show solid progress on campaign attribution and vessel funnel features.
Done. Key findings:

- **Google auth still expired** since ~Mar 14 — calendar/email checks won't work until you re-authenticate
- **Local is 1 commit behind origin** — an overnight heartbeat commit landed on remote. Run `git pull` to sync.
- Working tree is clean, 2 stashes still saved. No other issues.
Done. Two things need attention:

1. **Google auth expired** since ~Mar 14 — calendar/email checks are broken. Re-authenticate to fix.
2. **1 commit behind origin** — just an overnight heartbeat commit. `git pull` to sync.

Everything else looks clean. Working tree is fine, 2 stashes parked.
Done. Written to `briefing/heartbeat-today.md`. Two things need attention:

1. **Google auth expired** since ~Mar 14 — calendar/email checks won't work until you re-authenticate
2. **1 commit behind origin** — `git pull` to sync the overnight heartbeat commit
Done. Two things need attention:

1. **Google auth expired** since ~Mar 14 — re-authenticate to restore calendar/email checks
2. **1 commit behind origin** — `git pull` to sync

Everything else looks clean. Working tree is fine, 2 stashes parked.
API Error: 529 {"type":"error","error":{"type":"overloaded_error","message":"Overloaded"},"request_id":"req_011CZAa2h9CE2kzz38ZxTvJX"}
Done. Written to `briefing/heartbeat-today.md`.

Two things need attention:
- **1 behind origin** — `git pull` to sync
- **Google auth expired** — re-authenticate to restore Calendar/Gmail overnight checks
Heartbeat written to `briefing/heartbeat-today.md`. Two items need attention:

1. **1 commit behind origin** — `git pull` to sync
2. **Google auth expired** since ~Mar 14 — re-authenticate to restore Calendar/Gmail checks
Done. Two things need attention:

1. **1 commit behind origin** — run `git pull` to sync the overnight heartbeat commit.
2. **Google auth expired since ~Mar 14** — re-authenticate to restore Calendar/Gmail checks.

Everything else looks clean — working tree is normal, 2 stashes parked, recent commits are all vessel funnel and campaign attribution work.
Done. Written to `briefing/heartbeat-today.md`. Two things need attention:

1. **1 commit behind origin** — run `git pull` to sync the overnight heartbeat commit
2. **Google auth expired** (~Mar 14) — Calendar/Gmail checks won't work until you re-authenticate

Everything else looks clean. No new issues since yesterday.
Done. Key findings:

- **2 commits behind origin** — you should `git pull`
- **Google auth still expired** since ~Mar 14 — calendar/email checks remain unavailable
- Working tree clean, 2 stashes saved
Done. Key findings:

- **2 commits behind origin** — `git pull` needed
- **Google auth expired** since ~Mar 14 — calendar/email checks won't work until you re-authenticate
- Working tree is clean, 2 stashes saved
- Recent work focused on campaign-attributed bookings and vessel funnel fixes
Done. Two things need attention:

1. **2 commits behind origin** — `git pull` to sync the overnight heartbeat commits
2. **Google auth expired** since ~Mar 14 — re-authenticate to restore Calendar/Gmail checks

Working tree is clean otherwise. Two stashes saved. Briefing written to `briefing/heartbeat-today.md`.
Done. Two things need attention:

1. **2 commits behind origin** — `git pull` to sync the overnight heartbeat commits
2. **Google auth expired** (~Mar 14) — re-authenticate to restore Calendar/Gmail checks
Done. Two things need attention:

1. **`git pull`** — you're 2 commits behind origin (overnight heartbeat commits)
2. **Google auth expired** — Calendar/Gmail checks have been down since ~Mar 14. Re-authenticate to restore those summaries.

Otherwise, working tree is clean and recent work looks solid (campaign attribution, vessel funnels, lead sources).
Done. Two things need attention:

1. **`git pull`** — you're 2 commits behind origin (overnight heartbeat commits)
2. **Google auth expired** — Calendar/Gmail checks have been failing since ~Mar 14. Re-authenticate to restore those summaries.

Otherwise, working tree is clean and recent work looks solid (campaign bookings, vessel funnel fixes, lead source color-coding).
Done. Key items: you're **2 behind origin** (need `git pull`) and **Google auth is still expired** (no calendar/email since ~Mar 14). Everything else looks clean.
Done. Two things need attention:

1. **2 commits behind origin** — `git pull` to sync
2. **Google auth expired** since ~Mar 14 — no calendar/email checks until you re-authenticate

Everything else looks clean. Briefing written to `briefing/heartbeat-today.md`.
Done. Two things need attention:

1. **3 commits behind origin** — `git pull` to sync
2. **Google auth expired** since ~Mar 14 — re-authenticate to get Calendar/Gmail checks working again
Heartbeat updated. Key findings:

- **3 commits ahead of origin** — you have unpushed work (campaign bookings, ad set cleanup, Smart Spirit reorder, funnel matching fix, lead source colors). Consider `git push`.
- **Google auth still expired** since ~Mar 14 — no calendar/email data available.
- **2 stashes** still sitting around if you need them.
- Working tree is clean otherwise.
Done. Key findings:

- **3 behind origin** — remote has overnight heartbeat commits from Mar 18-20. Run `git pull` to sync.
- **Google auth still expired** since ~Mar 14 — calendar/email checks remain broken.
- **2 stashes** still sitting around (fb matching debug, streak_sync leads fix).
- Working tree is clean otherwise.
Done. Written to `briefing/heartbeat-today.md`. Two items need attention:

1. **3 commits behind origin** — all just overnight heartbeat commits, `git pull` to sync
2. **Google auth expired** — Calendar/Gmail checks have been down since ~Mar 14, needs re-authentication

Otherwise, everything looks clean.
Done. Two things need attention:

1. **`git pull`** — you're 3 commits behind origin (all overnight heartbeat commits, nothing scary)
2. **Google re-auth** — calendar/email checks have been broken since ~Mar 14

Everything else looks clean.
Done. Heartbeat written to `briefing/heartbeat-today.md`.

Key findings:
- **3 behind origin** — all overnight heartbeat commits (Mar 18–20), run `git pull` to sync
- **Working tree clean** aside from expected heartbeat files
- **2 stashes** still parked (fb debug endpoint, streak_sync leads fix)
Done. Written to `briefing/heartbeat-today.md`.

**Quick summary:** Everything looks healthy. You're 3 commits behind origin (all overnight heartbeat commits) — a `git pull` will sync you up. Working tree is clean, 2 stashes saved. No urgent issues.
Done. Written to `briefing/heartbeat-today.md`.

**Key finding:** You're 3 commits behind origin (all overnight heartbeat commits). Run `git pull` to sync. Everything else looks clean — no issues to flag.
Done. Heartbeat written to `briefing/heartbeat-today.md`. Key finding: you're **3 commits behind origin** (overnight heartbeat commits only) — a `git pull` will sync you up. Everything else looks clean.
Done. Written to `briefing/heartbeat-today.md`.

**Quick summary:** You're 3 commits behind origin (just overnight heartbeat commits — safe to `git pull`). Working tree is clean, 2 stashes saved. No urgent issues. Google calendar/email credentials still not configured.
Done. Heartbeat written to `briefing/heartbeat-today.md`.

Key finding: **3 commits behind origin** (overnight heartbeat commits). Run `git pull` to sync. Everything else looks clean — no urgent issues.
Done. Heartbeat written to `briefing/heartbeat-today.md`. 

Key finding: **3 commits behind origin** (overnight heartbeat commits). Run `git pull` to sync. Everything else looks clean.
Done. Heartbeat written to `briefing/heartbeat-today.md`. Key finding: you're **3 commits behind origin** (overnight heartbeat commits) — a `git pull` will sync you up. Everything else looks clean.
Heartbeat updated at `briefing/heartbeat-today.md`. Key finding: **3 commits behind origin** (overnight heartbeat commits). Working tree is clean otherwise. No calendar/email access. Run `git pull` when ready to sync.
Heartbeat written to `briefing/heartbeat-today.md`. Key finding: you're **3 commits behind origin** (overnight heartbeat commits) — a `git pull` will sync you up. Everything else looks clean.
Heartbeat updated. Summary: you're **3 commits behind origin** (just overnight heartbeat commits). Working tree is clean, 2 stashes saved. Nothing urgent — just `git pull` when ready.
Done. Briefing written to `briefing/heartbeat-today.md`. 

Key finding: **3 commits behind origin** (overnight heartbeat commits). Working tree is clean otherwise. No urgent issues — Google credentials still not configured for calendar/email checks.
Done. Written to `briefing/heartbeat-today.md`. 

Key finding: you're **3 commits behind origin** — all overnight heartbeat auto-commits. Run `git pull` to sync. Everything else looks clean.
Done. Key finding: **3 commits behind origin** (all overnight heartbeat commits Mar 18–20). Run `git pull` to sync. Otherwise, working tree is clean and nothing urgent.
Done. Written to `briefing/heartbeat-today.md`.

**Quick summary:** Nothing urgent. You're 3 commits behind origin (just overnight heartbeat commits). Working tree is clean. 2 stashes sitting around. Google calendar/email still not configured.
Done. Heartbeat written to `briefing/heartbeat-today.md`. Key finding: you're **3 commits behind origin** — a `git pull` will sync you up. Everything else looks clean.
API Error: Unable to connect to API (FailedToOpenSocket)
API Error: Unable to connect to API (ConnectionRefused)
Done. Key finding: you're **5 commits behind origin** — all overnight heartbeat commits, safe to pull. Working tree is clean otherwise, 2 stashes still parked.
Done. Heartbeat written to `briefing/heartbeat-today.md`. 

Key finding: you're **5 commits behind origin** (all heartbeat commits) — a `git pull` will catch you up. Everything else looks clean.
Done. Heartbeat written to `briefing/heartbeat-today.md`. Summary: nothing urgent — you're 5 commits behind origin (all heartbeat commits), working tree is clean, 2 stashes saved.
Done. Written to `briefing/heartbeat-today.md`. Quick summary:

- **6 behind origin** — all heartbeat overnight commits, safe to pull
- **Working tree clean** (only the 2 expected heartbeat files modified)
- **2 stashes** still sitting there
- **No calendar/email** access (credentials still not configured)
Heartbeat written to `briefing/heartbeat-today.md`. Key findings:

- **6 commits behind origin** (all heartbeat overnight commits — safe to pull)
- Working tree clean, 2 stashes saved
- Calendar/email checks still unavailable (credentials not configured)
- Nothing urgent.
Done. Written to `briefing/heartbeat-today.md`. 

Key findings:
- **6 behind origin** — all overnight heartbeat commits, safe to `git pull`
- Working tree clean (only heartbeat files modified, expected)
- 2 stashes saved
- Google calendar/email credentials still not configured
Done. Written to `briefing/heartbeat-today.md`.

**Key takeaway:** You're 6 commits behind origin (all heartbeat overnight commits) — a `git pull` will sync you up. Working tree is clean, 2 stashes sitting around. No calendar/email access configured.
Done. Written to `briefing/heartbeat-today.md`. 

Key finding: **6 heartbeat-only commits behind origin** — safe to `git pull` when ready. Working tree is clean otherwise, 2 stashes saved. No urgent issues.
Heartbeat written to `briefing/heartbeat-today.md`. Quick summary:

- **6 behind origin** (all heartbeat commits, safe to pull)
- **Working tree:** clean aside from 2 expected heartbeat files
- **2 stashes** still parked (fb debug endpoint, streak_sync leads fix)
- **Calendar/Email:** still not configured
- Nothing urgent.
Done. Quick summary:

- **7 behind origin** — all heartbeat overnight commits, safe to `git pull`
- **Working tree clean** (only the 2 expected heartbeat files modified)
- **2 stashes** still sitting there
- No calendar/email access (credentials still not configured)
Heartbeat written to `briefing/heartbeat-today.md`. Quick summary:

- **7 behind origin** — all heartbeat overnight commits (Mar 18–24), safe to `git pull`
- **Working tree clean** aside from the 2 expected heartbeat files
- **2 stashes** still parked (fb debug endpoint, streak_sync fix)
- No calendar/email access (credentials not configured)

Nothing urgent.
Done. Quick summary:

- **7 behind origin** — all heartbeat overnight commits (Mar 18–24), safe to pull
- **Working tree:** clean aside from the 2 expected heartbeat files
- **2 stashes** still sitting there (fb debug endpoint, streak_sync fix)
- **Calendar/email:** still not configured (credentials expired since mid-March)

Nothing urgent today.
Done. Written to `briefing/heartbeat-today.md`. Key finding: you're **7 commits behind origin** (all heartbeat overnight commits) — a `git pull` will catch you up. Working tree is clean, 2 stashes saved. No calendar/email access.
Done. Written to `briefing/heartbeat-today.md`. Quick summary:

- **7 behind origin** — all heartbeat overnight commits (Mar 18–24), safe to `git pull`
- Working tree clean, 2 stashes saved
- Last real work: campaign-attributed bookings + vessel funnel fixes
- Calendar/email still not configured
Done. Quick summary:

- **8 behind origin** — all heartbeat overnight commits, safe to `git pull`
- **Working tree clean** (only the 2 expected heartbeat files modified)
- **2 stashes** still parked
- No urgent issues found
Done. Written to `briefing/heartbeat-today.md`.

**Quick summary:** Everything looks clean. Your local branch is 8 commits behind origin — all just overnight heartbeat commits, safe to `git pull` whenever. No urgent issues, working tree is clean, 2 stashes still parked. Google calendar/email credentials remain unconfigured.
Heartbeat written to `briefing/heartbeat-today.md`. Quick summary:

- **8 behind origin** — all heartbeat overnight commits, safe to `git pull`
- **Working tree clean** (only the 2 expected heartbeat files modified)
- **2 stashes** still parked (fb debug endpoint, streak_sync leads fix)
- No calendar/email access (credentials not configured)
Done. Quick summary:

- **8 commits behind origin** (all heartbeat overnight commits, safe to pull)
- **Working tree clean** aside from the 2 expected heartbeat files
- **2 stashes** still parked (fb debug endpoint, streak_sync fix)
- **No calendar/email access** (credentials still not configured since Mar 17)
Heartbeat written to `briefing/heartbeat-today.md`. Quick summary:

- **8 commits behind origin** (all overnight heartbeat commits, safe to pull)
- Working tree clean, 2 stashes available
- No calendar/email access configured
- Nothing urgent.
Heartbeat done. Nothing changed since the last check — same state:

- **8 behind origin** (all overnight heartbeat commits, safe to pull)
- **Working tree clean** (only heartbeat files modified, as expected)
- **2 stashes** still parked
- No new commits since last heartbeat
Heartbeat updated. Quick summary:

- **8 behind origin** (all overnight heartbeat commits, safe to pull)
- **Working tree clean** aside from the 2 heartbeat files
- **2 stashes** still saved
- No urgent items
Heartbeat written to `briefing/heartbeat-today.md`. Nothing urgent — you're 8 commits behind origin (all heartbeat auto-commits, safe to pull). Working tree is clean.
Done. Quick summary:

- **8 behind origin** — all overnight heartbeat commits (Mar 18–25), safe to pull
- **Working tree clean** aside from the 2 heartbeat files
- **2 stashes** still sitting there (fb debug endpoint, streak_sync fix)
- No calendar/email access (credentials still not configured since Mar 17)
Done. Quick summary:

- **8 behind origin** — all overnight heartbeat commits (Mar 18–25), safe to pull
- **Working tree clean** aside from the 2 expected heartbeat files
- **2 stashes** still saved (fb matching debug, streak_sync leads fix)
- No calendar/email access (credentials still not configured since Mar 17)
Done. Heartbeat written to `briefing/heartbeat-today.md`. Key finding: you're **8 commits behind origin** (all heartbeat overnight commits) — a `git pull` will catch you up. Everything else looks clean.
Done. Written to `briefing/heartbeat-today.md`.

**TL;DR:** Nothing urgent. You're 8 commits behind origin (all heartbeat overnight commits) — a `git pull` will catch you up. Working tree is clean, 2 stashes parked. No calendar/email access configured.
Done. Briefing written to `briefing/heartbeat-today.md`. 

Summary: Nothing urgent — you're 8 commits behind origin but they're all overnight heartbeat commits. Working tree is clean, 2 stashes saved. Safe to `git pull` whenever.
Done. Heartbeat written to `briefing/heartbeat-today.md`. 

Key finding: **8 commits behind origin** (all heartbeat overnight commits) — a `git pull` when convenient will sync you up. Otherwise, nothing urgent.
Done. Quick summary:

- **8 behind origin** — all overnight heartbeat commits (Mar 18–25), safe to pull
- **Working tree** is clean aside from the 2 heartbeat files
- **2 stashes** still saved (fb debug endpoint, streak_sync fix)
- **No urgent issues** found
Done. Heartbeat written to `briefing/heartbeat-today.md`.

**Key findings:**
- **8 commits behind origin** — all overnight heartbeat commits, safe to pull
- Working tree is clean (only the 2 expected heartbeat files modified)
- 2 stashes still parked
- Google calendar/email still not configured
Done. Quick summary:

- **Nothing urgent** — you're 8 commits behind origin but they're all overnight heartbeat commits. Safe to `git pull` whenever.
- Working tree is clean, 2 stashes sitting around from earlier work.
- No calendar/email access configured.
Done. Heartbeat written to `briefing/heartbeat-today.md`. 

Key takeaway: **8 commits behind origin** — all overnight heartbeat commits, safe to pull. Everything else looks clean.
Done. Quick summary:

- **8 behind origin** — all heartbeat overnight commits, safe to pull
- **Working tree clean** aside from the 2 expected heartbeat files
- **2 stashes** still sitting there (fb debug endpoint, streak_sync leads fix)
- Nothing urgent today.
Heartbeat written to `briefing/heartbeat-today.md`. Quick summary:

- **8 behind origin** — all heartbeat overnight commits (Mar 18–25), safe to pull
- **Working tree:** clean aside from expected heartbeat files
- **2 stashes** still sitting there (fb debug endpoint, streak_sync leads fix)
- Nothing urgent.
Done. Written to `briefing/heartbeat-today.md`.

**Quick summary:** You're 8 commits behind origin — all overnight heartbeat commits (Mar 18–25), safe to `git pull`. Working tree is clean, 2 stashes saved. No urgent issues.
Done. Quick summary:

- **8 behind origin** — all heartbeat overnight commits, safe to pull
- **Working tree clean** aside from the 2 expected heartbeat files
- **2 stashes** still sitting there (fb debug endpoint, streak_sync leads fix)
- Nothing urgent.
Done. Briefing written to `briefing/heartbeat-today.md`. 

Key takeaway: **8 commits behind origin** (all heartbeat overnight commits from Mar 18–25). A `git pull` will catch you up. Everything else looks clean.
Done. Briefing written to `briefing/heartbeat-today.md`. 

Key finding: you're **8 commits behind origin** (all overnight heartbeat commits) — a `git pull` will catch you up. Everything else looks clean.
Heartbeat done. Nothing urgent — you're 8 commits behind origin (all heartbeat auto-commits, safe to pull). Working tree is clean, 2 stashes saved.
Done. Written to `briefing/heartbeat-today.md`. Quick summary:

- **8 behind origin** (all heartbeat overnight commits, safe to pull)
- **Working tree:** clean except the 2 heartbeat files
- **2 stashes** still parked
- No other flags — nothing urgent.
Heartbeat written to `briefing/heartbeat-today.md`. Quick summary:

- **8 behind origin** (all heartbeat commits, safe to pull)
- **Working tree:** clean aside from heartbeat files
- **2 stashes** still sitting there
- No calendar/email access configured
- Nothing urgent.
Heartbeat updated. Summary: nothing urgent — you're 8 commits behind origin (all heartbeat-only), working tree is clean, 2 stashes saved. No changes since last check.
Done. Nothing urgent — you're 8 commits behind origin (all heartbeat overnight commits, safe to pull). Working tree is clean, 2 stashes saved. Google calendar/email credentials still not configured.
Done. Heartbeat written to `briefing/heartbeat-today.md`. Quick summary:

- **8 commits behind origin** (all heartbeat overnight commits, safe to pull)
- Working tree clean, 2 stashes saved
- No calendar/email access configured
- Nothing urgent.
Heartbeat updated. Quick summary:

- **8 behind origin** — safe to pull (just overnight heartbeat commits)
- **Working tree:** clean aside from 2 expected heartbeat files
- **2 stashes** still parked
- No urgent action needed
Done. Heartbeat written to `briefing/heartbeat-today.md`. 

Key finding: **8 commits behind origin** (all heartbeat overnight commits) — safe to `git pull` when ready. Otherwise nothing urgent.
Done. Briefing written to `briefing/heartbeat-today.md`. 

Key findings:
- **8 behind origin** — all heartbeat overnight commits, safe to pull
- Working tree clean (only heartbeat files modified)
- 2 stashes still saved
- No calendar/email access (credentials still not configured)
Heartbeat written to `briefing/heartbeat-today.md`. Quick summary:

- **8 behind origin** (heartbeat commits only, safe to pull)
- Working tree clean, 2 stashes saved
- No urgent issues detected
Heartbeat written to `briefing/heartbeat-today.md`. Nothing urgent — you're 8 behind origin (just old heartbeat commits), working tree is clean, 2 stashes sitting around.
Done. Briefing written to `briefing/heartbeat-today.md`. 

Key finding: you're **8 commits behind origin** (all heartbeat overnight commits from Mar 16–17). A `git pull` will sync you up. Working tree is clean otherwise. No calendar/email access configured.
Done. Quick summary: you're **10 commits behind origin** (all heartbeat overnight commits, Mar 18–27). Safe to `git pull`. Working tree is clean otherwise, 2 stashes saved. Nothing urgent.
Done. Heartbeat written to `briefing/heartbeat-today.md`. 

Summary: Nothing urgent — you're 10 commits behind origin (all heartbeat overnight commits), safe to `git pull`. Working tree is clean, 2 stashes saved.
Heartbeat done. Key finding: you're **10 commits behind origin** — all overnight heartbeat commits (Mar 18–27). Safe to `git pull` whenever. Everything else looks clean.
Heartbeat updated. Quick summary:

- **10 commits behind origin** (all heartbeat auto-commits, safe to pull)
- **Working tree:** clean aside from the 2 expected heartbeat files
- **2 stashes** still sitting there (fb debug endpoint, streak_sync fix)
- No calendar/email access configured

Nothing urgent.
Heartbeat updated. Nothing urgent — you're 10 commits behind origin (all heartbeat auto-commits, safe to pull). Working tree is clean, 2 stashes saved.
Heartbeat updated. Quick summary:

- **10 behind origin** (all heartbeat auto-commits, safe to pull)
- **Working tree:** clean besides the 2 heartbeat files
- **2 stashes** still parked
- No calendar/email access configured

Nothing urgent.
Heartbeat done. Summary:

- **10 commits behind origin** (all heartbeat overnight commits, safe to pull)
- **Working tree:** clean besides the 2 heartbeat files
- **2 stashes** saved (fb matching debug, streak_sync leads fix)
- No calendar/email access configured

Nothing urgent today.
Heartbeat done. Nothing urgent — you're 10 commits behind origin (all heartbeat auto-commits, safe to pull). Working tree is clean, 2 stashes saved.
Done. Written to `briefing/heartbeat-today.md`. Key finding: you're **10 commits behind origin** (all heartbeat overnight commits) — a `git pull` will catch you up. Everything else looks clean.
Heartbeat updated. Quick summary:

- **10 behind origin** — all just overnight heartbeat commits, safe to pull
- **Working tree clean** — only the 2 expected heartbeat files modified
- **2 stashes** still parked (fb debug endpoint, streak_sync leads fix)
- Nothing urgent.
Done. Heartbeat updated at `briefing/heartbeat-today.md`. 

Key finding: **10 commits behind origin** (all overnight heartbeat commits) — a `git pull` will catch you up. Everything else looks clean.
Heartbeat updated. Quick summary:

- **10 behind origin** — all overnight heartbeat commits, safe to `git pull`
- **Working tree clean** aside from the 2 expected heartbeat files
- **2 stashes** still parked (fb debug endpoint, streak_sync leads fix)
- No calendar/email access configured

Nothing urgent.
Heartbeat updated. Quick summary:

- **10 behind origin** — all heartbeat overnight commits, safe to pull
- **Working tree:** clean (only heartbeat files modified)
- **2 stashes** still parked
- No urgent issues found
State is unchanged from the existing file. The heartbeat is already up to date for today (2026-03-28). No changes needed.

**Quick summary:**
- **10 commits behind origin** (all heartbeat overnight commits, safe to pull)
- **Working tree:** clean aside from 2 expected heartbeat files
- **2 stashes** saved
- Last real work: campaign-attributed bookings feature (7ee9b4b)
Heartbeat written to `briefing/heartbeat-today.md`. Key finding: you're **10 commits behind origin** (all overnight heartbeat commits) — a `git pull` will sync you up. Everything else looks clean.
Done. Nothing changed since the last check — the briefing is current. Key takeaway: you're **10 commits behind origin** (all overnight heartbeat commits). A `git pull` will bring you up to date.
(Background fetch check completed — confirmed 10 behind origin, 0 ahead. All consistent with the heartbeat report.)
Heartbeat done. Nothing has changed since the last check:

- **10 behind origin** — all heartbeat overnight commits, safe to pull
- **Working tree:** clean (only heartbeat files modified)
- **2 stashes** still parked
- No urgent items
Done. Quick summary:

- **11 behind origin** — all heartbeat overnight commits, safe to `git pull`
- **Working tree clean** (only the 2 heartbeat files modified, as expected)
- **2 stashes** still sitting there
- No urgent issues
Done. Written to `briefing/heartbeat-today.md`. 

Summary: Nothing urgent — you're **11 commits behind origin** (all heartbeat overnight commits, safe to pull). Working tree is clean, 2 stashes saved. No changes since yesterday's local commits.
Heartbeat updated. Quick summary:

- **11 behind origin** — all heartbeat overnight commits, safe to `git pull`
- **Working tree:** clean (only heartbeat files modified)
- **2 stashes** still parked (fb debug endpoint, streak_sync leads fix)
- No urgent issues detected.
Heartbeat written to `briefing/heartbeat-today.md`. Quick summary:

- **11 commits behind origin** — all overnight heartbeat commits (Mar 18–28), safe to `git pull`
- **Working tree:** clean (only heartbeat files modified)
- **2 stashes** still parked (fb debug endpoint, streak_sync leads fix)
- Nothing urgent.
Heartbeat done. Nothing has changed since the last check — you're still 11 heartbeat commits behind origin (safe to `git pull`), working tree is clean, and 2 stashes are parked. No issues needing attention.
Done. Updated `briefing/heartbeat-today.md`. Key finding: you're **12 commits behind origin** (all heartbeat overnight commits) — a `git pull` will catch you up. Working tree is clean otherwise, 2 stashes saved.
Done. Quick summary:

- **12 behind origin** — all heartbeat overnight commits, safe to pull
- **Working tree:** clean (only the 2 heartbeat files modified, as expected)
- **2 stashes** still sitting there (fb debug endpoint, streak_sync leads fix)
- No calendar/email access configured

Nothing urgent today.
Done. Heartbeat written to `briefing/heartbeat-today.md`.

**TL;DR:** Nothing urgent. You're 12 commits behind origin (all heartbeat auto-commits — safe to pull). Working tree is clean, 2 stashes saved. No calendar/email integration configured.
Done. Quick summary:

- **12 behind origin** — all heartbeat overnight commits, safe to `git pull`
- **Working tree:** clean (only heartbeat files modified)
- **2 stashes** sitting around (fb debug endpoint, streak_sync leads fix)
- No urgent issues detected
Done. Written to `briefing/heartbeat-today.md`. Quick summary:

- **12 behind origin** — all heartbeat overnight commits, safe to `git pull`
- Working tree is clean (only the 2 expected heartbeat files modified)
- 2 stashes sitting around
- Calendar/email still not connected (credentials not configured)
Done. Quick summary:

- **12 behind origin** — safe to pull (just heartbeat commits)
- **Working tree clean** aside from the 2 expected heartbeat files
- **2 stashes** still parked
- No calendar/email access configured

Nothing urgent today.
Done. Heartbeat written to `briefing/heartbeat-today.md`. 

Key finding: **12 commits behind origin** (all heartbeat overnight commits) — a `git pull` when you're ready will catch you up. Everything else looks clean.
Done. Briefing updated at `briefing/heartbeat-today.md`. 

Key takeaway: **12 commits behind origin** (all heartbeat overnight commits) — safe to `git pull` when ready. Working tree is clean otherwise, 2 stashes saved.
Done. Briefing written to `briefing/heartbeat-today.md`. 

**Quick summary:** Nothing urgent. You're 12 commits behind origin (all heartbeat auto-commits, safe to pull). Working tree is clean, 2 stashes saved. No calendar/email access configured.
Heartbeat done. Written to `briefing/heartbeat-today.md`.

**Summary:** Nothing urgent. You're 12 commits behind origin — all overnight heartbeat commits, safe to `git pull`. Working tree is clean, 2 stashes saved.
Done. Quick summary:

- **12 behind origin** — all heartbeat overnight commits, safe to pull
- **Working tree** clean (only the 2 expected heartbeat files modified)
- **2 stashes** still parked (fb debug endpoint, streak_sync leads fix)
- No urgent issues found
Done. Key takeaways:

- **12 commits behind origin** — all overnight heartbeat commits, safe to `git pull`
- **Uncommitted change** in `src/app/api/test-tracker/route.ts`
- **2 stashes** still sitting around (fb matching debug, streak_sync leads fix)
- No urgent issues detected
Done. Key findings:

- **12 behind origin** — safe to `git pull` (just heartbeat commits)
- **1 uncommitted change** worth noting: `src/app/api/test-tracker/route.ts`
- **2 stashes** sitting around
- No calendar/email access configured

Nothing urgent.
Done. **TL;DR:** Nothing urgent — repo is fully synced with origin, working tree is clean (only heartbeat log artifacts modified), and 2 stashes are still sitting there from earlier work. No new non-heartbeat commits since the Unmatched Value test tracking feature.
Done. All clear — repo is synced, no urgent items. Latest work was test tracker UX fixes and campaign-attributed bookings. Two stashes still parked.
Done. Nothing urgent — repo is synced, working tree clean aside from heartbeat artifacts. Two stashes still sitting there from earlier work.
Heartbeat done. Nothing urgent — repo is synced with origin, working tree clean. Two stashes sitting around (fb matching debug, streak_sync leads fix) if you want to revisit those.
Done. All clear — repo is synced, working tree clean, no action needed. Two stashes sitting around if you need them.
Done. Everything looks good — repo is clean, synced with origin, no pending work outside heartbeat artifacts. Briefing written to `briefing/heartbeat-today.md`.
Done. Everything looks clean — repo is synced, no urgent items. The two recent commits are test tracker improvements, and you have 2 stashes saved.
Done. Nothing urgent — repo is synced, working tree clean. Added one more recent commit to the briefing (`7ee9b4b` campaign-attributed bookings). Two stashes still parked.
Done. Everything looks clean:

- **Repo:** synced with origin, no pending pushes
- **Working tree:** clean (only heartbeat artifacts)
- **Stashes:** 2 saved (fb matching debug, streak_sync leads fix)
- **Nothing urgent** — last real commits were test tracker UX fixes
All clear. Nothing changed since the overnight run — repo is synced, working tree clean, no urgent items. The two most recent commits are your test tracker UX improvements. Two stashes still sitting there if you need them.
Done. Nothing urgent — repo is synced, working tree clean. Latest non-heartbeat work was test tracker UX fixes. Two stashes sitting around if you need them.
Heartbeat done. All clear — repo is synced, working tree clean, no action needed. The two most recent real commits are the test tracker UX fixes from your last session. Two stashes still sitting there (fb matching debug, streak_sync leads fix).
Done. No changes from the overnight run — repo is clean and synced. Nothing needs attention today.
Done. Nothing urgent — repo is synced with origin, working tree is clean. Two stashes sitting around if you need them. Recent work has been on test tracker UX and campaign-attributed bookings.
Done. Nothing urgent — repo is clean and synced. Last real work was test tracker UX fixes. Two stashes still sitting around if you need them.
Done. Nothing urgent — no new commits since yesterday, working tree is clean. Briefing written to `briefing/heartbeat-today.md`.
Done. Nothing urgent — no new commits since last check, working tree is clean. Two stashes still sitting there. Briefing written to `briefing/heartbeat-today.md`.
Done. Briefing updated at `briefing/heartbeat-today.md`. Nothing urgent — no new work since the last test tracker UX fix. Two stashes still sitting around if you need them.
Done. Nothing urgent — no new commits since the last heartbeat. Working tree is clean, 2 stashes still parked. Google calendar/email not connected.
Done. Nothing urgent — repo is quiet. Last real work was test tracker UX fixes (bca1d81). Two stashes sitting around. No Google credentials for email/calendar checks.
All clear — nothing urgent. Latest real work was the test tracker UX fixes. Two stashes sitting around if you need them. Google calendar/email not wired up yet.
Done. Nothing urgent — repo is quiet. Latest real work was the test tracker UX fixes. Two stashes are sitting if you need them.
Done. Nothing urgent — repo is quiet. Latest real work was the test tracker UX fixes (bca1d81). Two stashes still sitting there. Output written to `briefing/heartbeat-today.md`.
Done. Nothing urgent — main is on `bca1d81`, working tree clean, 2 stashes parked. Briefing written to `briefing/heartbeat-today.md`.
Done. Nothing urgent — no new commits since March 30. Working tree is clean, 2 stashes saved. Briefing written to `briefing/heartbeat-today.md`.
Done. Nothing urgent — no new commits since March 30. Working tree is clean, 2 stashes still parked. Google calendar/email not connected.
Done. Nothing urgent — no new commits since March 30. The repo is clean with 2 stashes sitting around. Briefing written to `briefing/heartbeat-today.md`.
Done. Nothing urgent — no new commits since March 30. Two stashes still parked, working tree clean.
Done. Nothing urgent — no new commits since March 30. Working tree is clean, 2 stashes still parked. Calendar/email checks skipped (no Google credentials configured).
No changes since the last check — file is already up to date for today. The heartbeat at `briefing/heartbeat-today.md` is current:

- **No new commits** since last heartbeat
- **Working tree clean** (only heartbeat artifacts modified)
- **2 stashes** still parked (fb matching debug, streak_sync leads fix)
- **Google Calendar/Email** not available (no credentials configured)

Nothing urgent.
Done. Nothing urgent — repo is quiet since March 30. Two recent commits (test tracker UX fixes), clean working tree, 2 stashes sitting around. Google calendar/email not connected.
Done. Nothing urgent — no new commits since 2026-03-30. Briefing updated at `briefing/heartbeat-today.md`.
Done. No new commits since yesterday — repo is quiet. Two stashes still sitting there. Output written to `briefing/heartbeat-today.md`.
Done. Nothing urgent — no new commits since the last check. Working tree is clean, 2 stashes parked. Briefing written to `briefing/heartbeat-today.md`.
Done. **Nothing urgent** — no new commits since the last heartbeat on Mar 30. Working tree is clean, 2 stashes still parked. Google calendar/email not connected.
Done. Quick summary: **Nothing urgent.** No new commits since Mar 30 (3 days). Two stashes still sitting there (fb matching debug endpoint, streak_sync leads fix) — might be worth revisiting.
Done. Updated `briefing/heartbeat-today.md`. Summary: nothing urgent — no new commits since Mar 30, working tree is clean, 2 stashes sitting there (fb matching debug endpoint, streak_sync leads fix).
Done. Heartbeat written to `briefing/heartbeat-today.md`. Key finding: 3 days since last real commit, 2 stashes sitting idle. Otherwise clean.
Done. Quick summary:

- **No new commits** since Mar 30 (3 days idle)
- **2 stashes** still sitting around (fb matching debug, streak_sync leads fix) — worth cleaning up or applying
- Working tree is clean otherwise
- Google credentials still not configured for email/calendar checks
Done. Quick summary:

- **3 days idle** since last real commit (Mar 30)
- **2 stashes** still sitting around (fb matching debug, streak_sync leads fix)
- Working tree is clean
- No calendar/email access configured
Done. The briefing is up to date — nothing has changed since the last overnight check. Key flags:

- **3 days idle** since last real commit (Mar 30)
- **2 stashes** still sitting around (fb matching debug, streak_sync leads fix)
- Working tree is clean otherwise
Heartbeat done. Key takeaway: **3 days since last real commit** (Mar 30). Two stashes still sitting around. Otherwise quiet — working tree is clean.
Done. Briefing written to `briefing/heartbeat-today.md`.

**Key flags:**
- 3 days since last real commit — might be time to pick up the next task
- 2 stashes still idle (fb matching debug, streak_sync leads fix)
- Working tree is clean, Google calendar/email not connected
Done. Key takeaways:

- **3 days idle** since last real commit (Mar 30) — only heartbeat auto-commits since then
- **2 stashes** still sitting around (fb debug endpoint, streak_sync fix) — worth cleaning up or applying
- Working tree is clean otherwise
Done. Key takeaways:

- **3 days idle** since last real commit (Mar 30) — only heartbeat commits since then
- **2 stashes** still sitting around (fb matching debug, streak_sync leads fix) — worth cleaning up or applying
- Working tree is clean otherwise
Done. Key takeaways:

- **3 days idle** since last real commit (Mar 30)
- **2 stashes** still parked (fb matching debug, streak_sync leads fix)
- Working tree is clean otherwise
- Google calendar/email still not connected
Done. Heartbeat written to `briefing/heartbeat-today.md`.

**Key flags:**
- 3 days since last real commit — might be time to pick up the next task
- 2 stashes still sitting idle (fb matching debug, streak_sync leads fix)
- Working tree is clean otherwise
Done. Briefing updated at `briefing/heartbeat-today.md`. Key flags:

- **3 days idle** since last real commit (Mar 30)
- **2 stale stashes** (fb matching debug, streak_sync leads fix) — worth reviewing
- Working tree is clean otherwise
Done. Key takeaways:

- **3 days idle** since last real commit (Mar 30) — just heartbeat auto-commits since then
- **2 stashes** still sitting around (fb matching debug, streak_sync leads fix)
- Working tree is clean otherwise
Done. Summary: nothing urgent — main flag is 3 days since last real commit. Two stashes are still sitting around if you want to clean those up.
Done. Key takeaway: **4 days since last real commit** (bca1d81, Mar 30). Working tree is clean. 2 stashes still sitting idle. Nothing else urgent.
Heartbeat done. Key takeaways:

- **4 days idle** since last real commit (Mar 30) — just heartbeat commits since then
- **2 stashes** still sitting around (fb matching debug, streak_sync leads fix)
- Working tree is clean otherwise

Written to `briefing/heartbeat-today.md`.
Done. Quick summary:

- **4 days** since last real commit (bca1d81, Mar 30)
- **2 stashes** idle (fb matching debug, streak_sync leads fix)
- Working tree is clean
- No calendar/email access configured
Done. Quick summary:

- **4 days** since last real commit (bca1d81, Mar 30)
- **2 stashes** still sitting idle (fb matching debug, streak_sync leads fix)
- Working tree is clean besides heartbeat artifacts
- No Google credentials configured for email/calendar checks
Done. Briefing updated at `briefing/heartbeat-today.md`.

**Key flags:**
- 4 days idle (no real commits since Mar 30)
- 2 stashes still sitting — worth reviewing or dropping
- Working tree clean otherwise
Done. Briefing updated at `briefing/heartbeat-today.md`.

**Key takeaway:** No new commits in 4 days (since Mar 30). Two stashes are still sitting idle. Working tree is clean otherwise. Google calendar/email not connected.
Done. Quick summary:

- **4 days idle** since last real commit (Mar 30)
- **2 stashes** still sitting around (fb matching debug, streak_sync leads fix)
- Working tree is clean, no calendar/email access configured
- Nothing urgent
Done. Briefing updated at `briefing/heartbeat-today.md`. Key flags:

- **4 days idle** since last real commit (Mar 30)
- **2 stashes** still sitting around (fb debug endpoint + streak_sync fix)
- Working tree is clean otherwise
Done. Key takeaway: **4 days idle** since last real commit (Mar 30). Two stashes still sitting around — the fb matching debug endpoint and streak_sync leads fix. Everything else is clean.
Done. Key takeaways:

- **4 days since last real commit** (Mar 30) — might be time to pick up the next task
- **2 stashes idle** — fb matching debug endpoint + streak_sync leads fix — worth reviewing if still needed
- Working tree is clean otherwise
Done. Key takeaways:

- **4 days idle** since last real commit (Mar 30, test tracker UX fix)
- **2 stashes** still sitting — fb matching debug endpoint + streak_sync leads fix
- Working tree is clean otherwise
- No calendar/email access configured
Done. Key takeaways:

- **4 days idle** since last real commit (Mar 30) — only heartbeat commits since then
- **2 stashes** still sitting around (fb debug endpoint + streak_sync fix)
- Working tree is clean otherwise
- Google Calendar/Email not connected
Done. Key takeaways:

- **4 days idle** since last real commit (Mar 30)
- **2 stashes** still parked (fb debug endpoint + streak_sync fix) — worth reviewing
- Working tree is clean otherwise
- No calendar/email access configured
Done. Key takeaways:

- **4 days idle** since last real commit (Mar 30)
- **2 stashes** still sitting around (fb debug endpoint + streak_sync fix)
- Working tree is clean otherwise
- No calendar/email access configured
Heartbeat written to `briefing/heartbeat-today.md`. Key takeaway: **4 days since last real commit** (Mar 30). Two stashes still sitting idle. Working tree is clean otherwise.
Done. Quick summary:

- **No urgent issues.** Working tree is clean.
- **4 days since last real commit** (Mar 30) — only heartbeat auto-commits since then.
- **2 stashes** still sitting idle (fb matching debug endpoint + streak_sync leads fix) — worth reviewing if you still need them.
- Google Calendar/Email not available (no credentials configured).
Done. Quick summary:

- **4 days** since last real commit (Mar 30 test tracker UX fix)
- **2 stashes** still sitting idle (fb debug endpoint + streak_sync leads fix)
- Working tree is clean aside from heartbeat artifacts
- No Google calendar/email configured
Done. Key takeaways:

- **4 days idle** since last real commit (Mar 30, test tracker UX fix)
- **2 stashes** still sitting around (fb debug endpoint + streak_sync leads fix) — worth reviewing
- Working tree is clean otherwise
Done. Key takeaways:

- **4 days idle** since last real commit (Mar 30 test tracker fixes)
- **2 stashes** still parked (fb debug endpoint + streak_sync leads fix) — worth cleaning up or applying
- Working tree is clean otherwise
Done. Quick summary:

- **4 days** since last real commit (bca1d81, Mar 30)
- **2 stashes** still sitting idle (fb debug endpoint + streak_sync fix)
- Working tree is clean aside from heartbeat artifacts
- No Google calendar/email access configured
Done. Key takeaways:

- **4 days idle** since last real commit (Mar 30)
- **2 stashes** still sitting around (fb debug endpoint, streak_sync fix) — worth reviewing
- Working tree is clean otherwise
- No calendar/email access configured
Done. Key takeaways:

- **4 days idle** since last real commit (Mar 30)
- **2 stashes** still sitting around (fb matching debug + streak_sync leads fix) — worth reviewing
- Working tree is clean otherwise
- Google calendar/email not connected
Done. Key takeaway: **5 days since last real commit** (Mar 30). Two stashes still idle. No Google integrations for calendar/email. Briefing written to `briefing/heartbeat-today.md`.
Done. Key takeaways:

- **5 days idle** since last real commit (Mar 30)
- **2 stashes** still sitting around (fb debug endpoint + streak_sync fix)
- Working tree clean otherwise
- No Google credentials for email/calendar checks
Done. Key takeaways:

- **5 days idle** since last real commit (Mar 30)
- **2 stashes** still sitting around (fb debug endpoint + streak_sync fix)
- Working tree is clean otherwise
- No Google Calendar/Email access configured
Done. Key takeaways:

- **5 days idle** since last real commit (Mar 30)
- **2 stashes** still sitting around (fb debug endpoint, streak_sync fix) — worth reviewing
- Working tree is clean otherwise
Done. Quick summary:

- **No urgent items** — working tree is clean
- **5 days** since last real commit (Mar 30, test tracker UX fixes)
- **2 stashes** still sitting idle (fb matching debug + streak_sync leads fix) — worth reviewing if you still need them
- Calendar/email checks unavailable (no Google creds configured)
Done. Quick summary:

- **5 days** since last real commit (bca1d81, Mar 30)
- **2 stashes** still sitting idle (fb debug endpoint + streak_sync fix)
- Working tree is clean aside from heartbeat files
- Google calendar/email not connected
Done. Key takeaway: **5 days since last real commit** (Mar 30). Two stashes are still sitting idle. Working tree is clean otherwise. No calendar/email access configured.
Done. Key takeaways:

- **5 days since last real commit** (bca1d81, Mar 30) — all commits since are heartbeat-only
- **2 stashes idle** — fb matching debug endpoint & streak_sync leads fix
- Working tree clean otherwise
Done. Key findings:

- **5 days idle** since last real commit (Mar 30)
- **2 stashes** still sitting around (fb debug endpoint, streak_sync fix)
- Working tree is clean otherwise
- No calendar/email access configured
Done. Key takeaways:

- **5 days idle** since last real commit (Mar 30)
- **2 stashes** still parked (fb debug endpoint + streak_sync fix)
- Working tree is clean otherwise
- No Google calendar/email integration configured
Done. Key takeaway: **5 days since last real commit** (Mar 30). Two stashes still sitting idle. Working tree is clean otherwise. Calendar/email checks unavailable without Google credentials.
Done. Key takeaways:

- **5 days since last real commit** (Mar 30) — only heartbeat auto-commits since then
- **2 stashes idle** — fb matching debug endpoint + streak_sync leads fix. Worth reviewing if you still need them
- **Working tree clean** otherwise
Done. Key takeaway: **5 days since last real commit** (Mar 30). Two stashes are still sitting idle. Working tree is clean otherwise. No calendar/email access configured.
Done. Key finding: **6 days since last real commit** (bca1d81, Mar 30). Working tree is clean. 2 stashes still idle. Nothing else urgent.
Done. Key takeaway: **6 days since last real commit** (Mar 30). Two stashes still sitting idle. Working tree is clean otherwise. No calendar/email access configured.
Done. Key takeaways:

- **6 days idle** since last real commit (Mar 30)
- **2 stashes** still sitting — fb matching debug endpoint & streak_sync leads fix
- Working tree is clean otherwise
- Google calendar/email not connected
Done. Key takeaways:

- **6 days idle** since last real commit (Mar 30)
- **2 stashes** still sitting around (fb debug endpoint + streak_sync fix)
- Working tree is clean otherwise
- No calendar/email access configured
Done. Quick summary:

- **No urgent issues.** Working tree is clean.
- **6 days** since last real commit (bca1d81, Mar 30 — test tracker UX fix).
- **2 stashes** still sitting idle (fb matching debug endpoint + streak_sync leads fix) — worth reviewing if you still need them.
- Calendar/email checks unavailable (no Google credentials configured).
Heartbeat written to `briefing/heartbeat-today.md`. Key highlights:

- **6 days idle** since last real commit (Mar 30)
- **2 stashes** still sitting around (fb debug endpoint + streak_sync fix)
- Working tree is clean otherwise
- No Google credentials configured for email/calendar checks
Done. Key findings:

- **6 days idle** since last real commit (Mar 30) — only heartbeat commits since then
- **2 stashes** still sitting around (fb matching debug + streak_sync leads fix)
- Working tree is clean otherwise
Done. Written to `briefing/heartbeat-today.md`.

**Key flags:**
- 6 days since last real commit — might be time to pick up next work
- 2 stashes still sitting idle (fb matching debug + streak_sync leads fix)
- Working tree is clean otherwise
Done. Key takeaway: **7 days since last real commit** (Mar 30). Two stashes still sitting idle. Otherwise all quiet — nothing urgent.
Done. Key takeaway: **7 days since last real commit** (Mar 30). Two stashes are still sitting idle. Working tree is clean otherwise. Output written to `briefing/heartbeat-today.md`.
Done. Key takeaway: **7 days idle** since the last real commit (Mar 30). Two stashes are still sitting around. No Google credentials for email/calendar checks. Nothing else urgent.
Done. Key takeaway: **no new real commits in 7 days** (last was Mar 30 test tracker fixes). Two stashes are still sitting idle. Google calendar/email not connected. Nothing else flagged.
Done. Key takeaway: **7 days since last real commit** (Mar 30). Two stashes are still sitting around — worth reviewing if you still need them. Otherwise, working tree is clean.
Done. Key takeaways:

- **7 days idle** since last real commit (Mar 30) — only heartbeat auto-commits since then
- **2 stashes** still sitting around (fb debug endpoint + streak_sync fix)
- Working tree is clean otherwise
Done. Written to `briefing/heartbeat-today.md`. Key flag: **7 days since last real commit** (Mar 30). Two stashes still sitting idle. Working tree is clean otherwise. No calendar/email access configured.
Done. Summary: no new real work in 7 days (last commit Mar 30), 2 stashes still sitting idle, working tree clean. Google calendar/email not connected. Nothing urgent beyond picking up the next task.
Done. Briefing written to `briefing/heartbeat-today.md`. Key flag: **7 days since last real commit** (Mar 30). Two stashes still sitting idle. Working tree is clean otherwise.
Done. Key takeaway: **no real commits in 7 days** — only heartbeat auto-commits since Mar 30. Two stashes are still hanging around. Everything else is clean.
Done. `briefing/heartbeat-today.md` updated. Key flags:

- **7 days idle** since last real commit (Mar 30)
- **2 stashes** still sitting around (fb debug endpoint + streak_sync fix)
- Working tree is clean otherwise
- Google calendar/email not connected
Done. Key callout: **8 days since last real commit** (Mar 30). Two stashes still sitting idle. Everything else is clean.
Done. `briefing/heartbeat-today.md` updated. Key flags:

- **8 days since last real commit** (Mar 30) — only heartbeat commits since then
- **2 stashes** still sitting idle (fb debug endpoint + streak_sync fix)
- Working tree is clean otherwise
Done. Key takeaway: **8 days since last real commit** (Mar 30). Two stashes still sitting idle. Working tree is clean otherwise. No calendar/email access configured.
Done. Key takeaway: **8 days since last real commit** (Mar 30). Two stashes are still sitting around. Working tree is clean otherwise. No calendar/email access configured.
Done. Key findings:

- **8 days idle** since last real commit (Mar 30)
- **2 stashes** still sitting around (fb matching debug + streak_sync leads fix)
- Working tree is clean aside from heartbeat artifacts
- Google calendar/email not configured
Done. `briefing/heartbeat-today.md` updated. Key flags:

- **8 days idle** since last real commit (Mar 30)
- **2 stashes** still sitting around (fb debug endpoint + streak_sync fix)
- Working tree is clean otherwise
- Google calendar/email not connected
Done. Written to `briefing/heartbeat-today.md`. Key takeaway: **8 days since last real commit** (Mar 30), working tree is clean, 2 stashes still sitting idle.
Done. Key takeaway: **9 days since last real commit** (Mar 30). Two stashes still idle. Working tree is clean otherwise.
Done. Key takeaway: **9 days since last real commit** (Mar 30). Two stashes still sitting idle. Working tree is clean otherwise. No calendar/email access configured.
Done. Key takeaways:

- **9 days idle** since last real commit (Mar 30)
- **2 stashes** still sitting — fb matching debug endpoint + streak_sync leads fix
- Working tree is clean otherwise
- Google Calendar/Email not connected
Done. Key takeaway: **9 days since last real commit** (Mar 30). Two stashes are still sitting around — worth reviewing if you still need them. Everything else is quiet.
Done. `briefing/heartbeat-today.md` updated. Key flags:

- **9 days since last real commit** (Mar 30) — only heartbeat commits since then
- **2 stashes** still sitting idle (fb debug endpoint + streak_sync fix)
- Working tree is clean otherwise
- Google credentials not configured so no email/calendar data
Done. Key findings:

- **9 days since last real commit** (bca1d81, Mar 30) — all commits since are automated heartbeats
- **2 stashes idle** — fb matching debug endpoint + streak_sync leads fix
- **Working tree clean** otherwise
- Google Calendar/Email not connected
Done. Key takeaway: **9 days since last real commit** (Mar 30). Two stashes still sitting idle. Working tree is clean otherwise. No calendar/email access configured.
Heartbeat written to `briefing/heartbeat-today.md`. Key flags:

- **9 days since last real commit** (Mar 30) — only heartbeat commits since then
- **2 stashes** still sitting idle (fb debug endpoint + streak_sync fix)
- Working tree is clean otherwise
- Google calendar/email not connected
Done. Key takeaway: **9 days since last real commit** (Mar 30). Two stashes still sitting around. Working tree is clean otherwise. No Google calendar/email access configured.
Done. `briefing/heartbeat-today.md` updated. Key flags:

- **9 days since last real commit** (Mar 30) — only heartbeat commits since then
- **2 stashes idle** — fb matching debug endpoint + streak_sync leads fix
- Working tree clean otherwise
- Google Calendar/Email not connected
Done. `briefing/heartbeat-today.md` updated. Key finding: **9 days since last real commit** (Mar 30). Two stashes still idle. Working tree is clean. No calendar/email access configured.
Heartbeat written to `briefing/heartbeat-today.md`. Key finding: **9 days since last real commit** (Mar 30). Two stashes still sitting idle. Working tree is clean otherwise. No Google credentials for email/calendar checks.
Done. Key takeaway: **9 days since last real commit** (Mar 30). Two stashes still sitting idle. Working tree is clean otherwise.
Done. Key takeaways:

- **9 days idle** since last real commit (Mar 30) — only heartbeat auto-commits since then
- **2 stashes** still sitting around (fb debug endpoint, streak_sync fix)
- Working tree is clean otherwise
- Google calendar/email not connected
Done. Key takeaway: **9 days since last real commit** (Mar 30). Two stashes still sitting idle. Working tree is clean otherwise. No calendar/email access configured.
Heartbeat written to `briefing/heartbeat-today.md`. Key finding: **9 days since last real commit** (Mar 30). Two stashes still sitting idle. Working tree is clean. No Google calendar/email access configured.
Done. Key finding: **9 days since last real commit** (Mar 30). Two stashes still sitting idle. Working tree is clean otherwise. No calendar/email access configured.
Done. Key takeaway: **9 days since last real commit** (Mar 30). Two stashes are still sitting idle. Working tree is clean otherwise. No calendar/email access configured.
Done. Key takeaway: **10 days since last real commit** (Mar 30). Two stashes still sitting idle. Working tree is clean otherwise.
Done. Key takeaway: **10 days since last real commit** (Mar 30). Two stashes still sitting idle. Working tree is clean otherwise. No calendar/email access configured.
Done. `briefing/heartbeat-today.md` updated. Key finding: **10 days since last real commit** (Mar 30). Two stashes still sitting around. Working tree is clean otherwise. No Google credentials configured for email/calendar checks.
Done. `briefing/heartbeat-today.md` updated. Key flags:

- **10 days since last real commit** (Mar 30) — might be time to pick up the next task
- **2 stashes** still sitting around (fb matching debug + streak_sync leads fix)
- Working tree is clean otherwise. Google calendar/email not configured.
Done. Key takeaway: **10 days since last real commit** (Mar 30). Two stashes still sitting idle. Working tree is clean. No Google credentials configured for email/calendar checks.
Heartbeat written to `briefing/heartbeat-today.md`. Key findings:

- **10 days idle** since last real commit (Mar 30)
- **2 stashes** still sitting around (fb matching debug, streak_sync leads fix)
- Working tree is clean otherwise
- No Google credentials configured for email/calendar checks
Done. Key findings:

- **10 days idle** since last real commit (Mar 30)
- **2 stashes** still sitting around (fb debug endpoint + streak_sync fix)
- Working tree is clean otherwise
- No Google calendar/email configured
Heartbeat updated. Key takeaways:

- **10 days idle** since last real commit (Mar 30) — only heartbeat commits since then
- **2 stashes** still sitting around (fb debug endpoint + streak_sync fix)
- Working tree is clean otherwise
- Google calendar/email not connected
Done. Key takeaway: **10 days since last real commit** (Mar 30). Two stashes still sitting around. Working tree is clean otherwise. No calendar/email access configured.
Heartbeat written to `briefing/heartbeat-today.md`. Key flags:

- **10 days idle** since last real commit (Mar 30)
- **2 stashes** still sitting — fb debug endpoint + streak_sync leads fix
- Working tree is clean otherwise
- Google calendar/email not connected
Done. Key takeaway: **10 days since last real commit** (Mar 30). Two stashes still sitting idle. Working tree is clean otherwise. No calendar/email access configured.
Done. Key takeaway: **10 days since last real commit** (Mar 30). Two stashes still sitting idle. Working tree is clean otherwise. No email/calendar access configured.
Done. Key findings:

- **10 days since last real commit** (bca1d81, Mar 30) — all commits since are heartbeat-only
- **2 stashes** still sitting idle (fb matching debug + streak_sync leads fix)
- Working tree is clean aside from heartbeat artifacts
Done. `briefing/heartbeat-today.md` updated. Key findings:

- **10 days idle** since last real commit (Mar 30) — only heartbeat commits since then
- **2 stashes** still sitting around (fb matching debug + streak_sync leads fix)
- Working tree is clean otherwise
- Google credentials not configured so no email/calendar data
Heartbeat done. Key takeaway: **10 days since last real commit** (Mar 30). Two stashes still sitting idle. Otherwise all quiet — working tree clean, no new non-heartbeat activity.
Done. Key takeaway: **10 days since last real commit** (Mar 30). Two stashes are still sitting idle. Working tree is clean otherwise. No calendar/email access configured.
Done. Key findings:

- **10 days since last real commit** (Mar 30) — only heartbeat commits since then
- **2 stashes** still sitting around (fb debug endpoint + streak_sync fix)
- Working tree is clean otherwise
- Google calendar/email not connected
Done. Key finding: **11 days since last real commit** (Mar 30). Two stashes still sitting idle. Otherwise nothing urgent — working tree is clean.
Done. `briefing/heartbeat-today.md` updated. Key flags:

- **11 days idle** since last real commit (Mar 30)
- **2 stashes** still sitting around (fb debug endpoint + streak_sync fix)
- Working tree is clean otherwise
- Google calendar/email not connected
Done. Key takeaway: **11 days idle** since the last real commit (Mar 30). Two stashes still sitting around. Working tree is clean otherwise. No Google credentials configured for email/calendar checks.
Done. Key findings:

- **11 days since last real commit** (Mar 30) — only heartbeat commits since then
- **2 stashes** still sitting idle (fb matching debug + streak_sync leads fix)
- **Uncommitted change** in `src/app/api/test-tracker/route.ts` worth reviewing
- Google Calendar/Email not connected
Done. Key takeaway: productive day with 4 commits on test tracker (freeze infra, done cards, Streak leads fix, end_date filtering). Working tree is clean. Google credentials are still expired if you want calendar/email checks.
Done. Briefing updated at `briefing/heartbeat-today.md`.

**TL;DR:** 5 commits landed recently (3 features, 2 fixes — mostly test tracker work). Working tree is clean. Google OAuth is still expired so Calendar/Gmail checks are offline. Two old stashes are sitting around if you want to clean them up.
Done. Heartbeat written to `briefing/heartbeat-today.md`.

**TL;DR:** Nothing urgent. Google OAuth is still expired (no calendar/email data). 5 commits landed since yesterday — mostly test tracker improvements (KPI fix, freeze infra, end_date filtering). 2 old stashes sitting around you might want to clean up.
Done. Quick summary:

- **No new commits** since last heartbeat — tree is clean.
- **Google OAuth still expired** — Calendar/Gmail checks remain blocked.
- **2 old stashes** still sitting around (`fb matching debug`, `streak_sync leads fix`). Worth dropping if those fixes already landed.
- Briefing written to `briefing/heartbeat-today.md`.
Done. The briefing is up to date at `briefing/heartbeat-today.md`.

**Summary:** Nothing has changed since the overnight run — same 5 commits from yesterday, clean working tree. Two items flagged:

1. **Google OAuth still expired** — Calendar/Gmail checks remain blocked.
2. **2 stale stashes** — `fb matching debug` and `streak_sync leads fix` — worth dropping if those fixes are already merged.
Done. Heartbeat written to `briefing/heartbeat-today.md`.

**Quick summary:** Nothing new since the last overnight run. Working tree is clean, 5 recent commits all on main. Two stale stashes still sitting around, and Google OAuth is still expired blocking Calendar/Email checks.
Done. Summary:

- **Nothing new since last overnight run** — same 5 commits on main, working tree clean
- **2 stale stashes** still sitting there (both likely superseded by recent fixes)
- **Google OAuth still expired** — Calendar/Email checks remain blocked until you re-authenticate
Done. Summary:

- **No new commits** since this morning's heartbeat
- **Google OAuth still expired** — Calendar/Gmail unavailable until you re-authenticate
- **2 stale stashes** (`fb matching debug`, `streak_sync leads fix`) can be dropped — both are superseded by recent fixes
- **Working tree is clean** aside from heartbeat artifacts
Done. Briefing written to `briefing/heartbeat-today.md`.

**Quick summary:**
- Build is clean, working tree is clean.
- 5 solid commits since last heartbeat — leads table, vessel funnel breakdown, KPI fix, end_date filtering, freeze infra.
- Google OAuth is still expired (Calendar/Gmail unavailable).
- 2 stale stashes you can drop whenever.
Done. Briefing written to `briefing/heartbeat-today.md`. 

**Summary:** Build is clean, working tree is clean (just heartbeat artifacts). Latest commit restricts Alessandro's funnel to dedicated campaigns. Two stale stashes can be dropped. Google OAuth is still expired so no calendar/email data.
Done. Everything looks healthy:

- **Build:** passes cleanly
- **Working tree:** clean (only heartbeat artifacts modified)
- **2 stale stashes** still lingering — safe to drop when you want
- **Google OAuth** still expired so no Calendar/Gmail data

No urgent issues.
Heartbeat done. Summary:

- **Nothing new** since the last run — same 5 commits on main, clean working tree.
- **2 stale stashes** can be dropped when convenient.
- **Google OAuth still expired** — Calendar/Gmail checks remain unavailable until you re-authenticate.
Heartbeat refreshed. No changes from the earlier run today — everything is current.

**TL;DR:** Working tree clean, last 5 commits are vessel funnel + test tracker work. Two stale stashes you can drop. Google OAuth still needs re-auth for Calendar/Gmail checks.
Heartbeat done. Everything looks healthy:

- **Build:** clean
- **Working tree:** clean (only heartbeat artifacts)
- **2 stale stashes** you can drop when convenient
- **Google OAuth** still expired — Calendar/Gmail remain unavailable
Done. Everything looks healthy:

- **Build:** clean
- **Working tree:** clean (only heartbeat artifacts modified)
- **2 stale stashes** you can drop when convenient
- **Google OAuth** still expired — Calendar/Gmail checks remain unavailable
Done. Everything looks healthy:

- **Build:** clean
- **Working tree:** clean (only heartbeat artifacts modified)
- **2 stale stashes** you can drop when convenient
- **Google OAuth** still expired — Calendar/Gmail remain unavailable

Nothing urgent today.
Heartbeat written to `briefing/heartbeat-today.md`. Key takeaway: working tree is clean with 8 solid commits in the last 48h. Two blockers persist — Google OAuth tokens need re-authentication (blocking overnight checks) and Sheet write credentials (blocking freeze feature).
Heartbeat written to `briefing/heartbeat-today.md`. Two items need attention: Google OAuth is still expired (blocking calendar/email checks), and freeze test data remains blocked on Sheet write credentials. Build is clean, working tree is clean, 8 commits in the last 48h.
Heartbeat written to `briefing/heartbeat-today.md`. Summary:

- **Build:** clean, all good
- **2 items need attention:** Google OAuth expired (blocking calendar/email checks) and freeze test data still waiting on Sheet write credentials
- **8 commits** in the last 48h — mostly vessel funnel and test tracker improvements
- **2 stale stashes** can be dropped when convenient
Heartbeat done. Two things need attention:

1. **Google OAuth expired** — Calendar/Gmail checks have been down since Apr 10. Re-authenticate to restore.
2. **Freeze test data** — still blocked on Sheet write credentials.

Otherwise: build is clean, 8 commits in the last 48h (vessel funnel + test tracker improvements), 2 stale stashes you can safely drop.
Heartbeat updated at `briefing/heartbeat-today.md`. Two items need attention:

1. **Google OAuth expired** — Calendar/Gmail checks have been down since Apr 10. Re-authenticate when you get a chance.
2. **Freeze test data** — still blocked on Sheet write credentials.

Otherwise the project is clean: 8 commits landed in the last 48h, working tree is tidy, and 2 old stashes can be dropped whenever.
Heartbeat written to `briefing/heartbeat-today.md`.

**Key items:** Build is clean, no new commits since yesterday. Two blockers persist — Google OAuth expired (no calendar/email checks) and freeze test data waiting on Sheet write credentials. Two stale stashes can be dropped whenever.
Done. Written to `briefing/heartbeat-today.md`.

**Summary:** Nothing new since yesterday — same 8 commits in the 48h window, build is clean, working tree is clean. Two items still need attention:
1. **Google OAuth expired** — blocking calendar/email checks
2. **Sheet write credentials** — blocking freeze test data feature

Two stale stashes can be dropped whenever you like.
Done. No changes since the last heartbeat — repo is quiet. Two items still need attention:

1. **Google OAuth expired** — re-authenticate to get Calendar/Gmail checks back
2. **Freeze test data** — still blocked on Sheet write credentials
Done. Quick summary:

- **Build:** clean
- **Working tree:** clean (only heartbeat artifacts modified)
- **2 blockers persist:** Google OAuth expired (no calendar/email access) and Sheet write credentials for freeze test data
- **5 commits** in the last 48h — Alessandro funnel fixes, leads table UX, KPI data source fix
- **2 stale stashes** can be dropped when convenient
Done. Briefing updated at `briefing/heartbeat-today.md`. 

Summary: Build is clean, working tree is clean (only heartbeat artifacts modified), no new commits since last check. The only outstanding item is the freeze test data feature still blocked on Sheet write credentials. Two stale stashes can be dropped when convenient.
Done. Everything looks good:

- **Build:** clean ✓
- **Working tree:** clean (only heartbeat artifacts modified)
- **No new issues** since the last check
- **Freeze test data** remains the only open blocker (Sheet write credentials)
- 2 stale stashes can be dropped whenever you like
Done. Build is clean, no issues found. The briefing is unchanged from the last check — nothing new since the last commits. The two stale stashes can be dropped whenever you want.
Heartbeat done. Everything looks healthy:

- **Build:** clean
- **Working tree:** clean (only heartbeat artifacts modified)
- **No urgent items** — freeze test data remains blocked on Sheet write creds
- **2 stale stashes** you can drop when convenient
- Last 5 commits are all vessel funnel and test tracker improvements
Done. Build is clean, working tree is clean (only heartbeat artifacts modified), no new issues. The briefing is unchanged from the prior run — nothing new to flag today.
API Error: Stream idle timeout - partial response received
Done. Build is clean, no new commits since yesterday, nothing urgent. The only ongoing blocker remains the Sheet write credentials for freeze test data.
Done. Quick summary:

- **Build:** clean
- **Nothing urgent** — freeze test data still blocked on Sheet write creds
- **5 recent commits** around Alessandro funnel, leads table collapse, KPI fix, and test tracker end_date filtering
- **2 stale stashes** safe to drop whenever
- **Google OAuth** still not connected (no calendar/email checks)
Done. All clear — build passes, working tree is clean, no new issues. The freeze test data blocker on Sheet write credentials is the only ongoing item.
Done. All clear — build passes, working tree is clean, no new commits since last check. The freeze test data blocker remains the only open item.
Done. Everything looks healthy:

- **Build:** clean
- **Working tree:** clean (only heartbeat artifacts modified)
- **No new issues** since last check
- **Freeze test data** remains the only open blocker (Sheet write credentials)
- 2 stale stashes still around — safe to drop whenever you want (`git stash drop`)
Done. Everything looks clean — no urgent issues. The briefing is updated at `briefing/heartbeat-today.md`. Key takeaway: working tree is clean, 5 recent commits landed on main, and the only ongoing blocker is the Sheet write credentials for freeze test data.
Done. Key findings:

- **52 TS errors** in the main app — mostly in `src/app/api/insights/` (function signature mismatches) and `test-tracker` route. Not new, but worth cleaning up.
- **Uncommitted `Navigation.tsx`** change sitting in working tree.
- **2 stale stashes** safe to drop whenever.
- Freeze test data still blocked on Sheet credentials — no change there.
Done. Quick summary:

- **Nothing new since last overnight check** — latest commit is the Reports nav link from today.
- **52 TS errors** in main app persist (insights API + test-tracker types). 108 more in legacy `week7/`.
- **Freeze test data** still blocked on Sheet write credentials.
- **Working tree** is clean (just heartbeat files). 2 stale stashes can be dropped whenever.
Done. Briefing written to `briefing/heartbeat-today.md`. 

**Summary:** No changes since the last overnight check — same 52 TS errors in src/, 108 in week7/ (legacy). Working tree is clean. Freeze test data still blocked on Sheet write credentials. 7 commits this week across vessel funnel, test tracker, and navigation features.
Done. No changes since last check — 160 TS errors (52 in src/, 108 legacy), clean working tree, freeze feature still blocked on Sheet credentials. Briefing written to `briefing/heartbeat-today.md`.
Done. Quick summary:

- **No changes** from yesterday's state — 160 TS errors (52 in src/, 108 legacy), working tree clean.
- **New flag:** overnight GitHub Actions heartbeat is failing due to expired Google OAuth (`invalid_grant`). You'd need to re-authenticate to restore Calendar/Gmail checks.
- **Freeze test data** still blocked on Sheet write credentials.
- 2 stale stashes safe to drop whenever.
Done. No changes since the overnight check — everything is the same:

- **160 TS errors** (52 in src/, 108 legacy in week7/) — unchanged
- **Freeze test data** still blocked on Sheet write credentials
- **Google OAuth** still expired — Calendar/Gmail checks unavailable
- **Working tree** clean, 2 stale stashes
- No new commits since the Reports nav link feature
Done. No changes since the overnight check — everything is stable. The three standing items remain:

1. **52 TS errors** in src/ (160 total with legacy week7/) — unchanged
2. **Freeze test data** — blocked on Sheet write credentials
3. **Google OAuth** — expired, needs re-auth to restore Calendar/Gmail checks
Done. Quick summary:

- **Nothing new** since last check — repo state unchanged.
- **OAuth still expired** — Calendar/Gmail checks remain broken. You'll need to re-authenticate to restore overnight monitoring.
- **160 TS errors** (52 src, 108 legacy week7) — same count as before.
- **Freeze test data** still blocked on Sheet write creds.
- **2 stale stashes** safe to drop whenever.
Done. No changes since the last check — everything is stable:

- **160 TS errors** (52 src/ + 108 legacy week7/) — unchanged
- **Working tree** clean
- **OAuth still expired** — Calendar & Gmail checks won't work until you re-authenticate
- **Freeze test data** still blocked on Sheet write creds
- 2 stale stashes safe to drop whenever
Heartbeat done. Quick summary:

- **Nothing new since last check** — codebase stable, no new commits today beyond heartbeat
- **160 TS errors** unchanged (52 src/ + 108 legacy week7/)
- **Google OAuth still expired** — Calendar/Gmail checks unavailable until you re-auth
- **Freeze test data** still blocked on Sheet write creds
- **2 stale stashes** safe to drop whenever
Done. Quick summary: **nothing changed since the overnight check** — same 160 TS errors, no new commits, working tree clean. The three items needing attention remain:

1. **Google OAuth expired** — re-authenticate to restore Calendar/Gmail checks
2. **160 TS errors** — stable, 52 in src/ + 108 in week7/
3. **Freeze test data** — still blocked on Sheet write credentials
Done. No changes since the last check — everything is steady:
- **160 TS errors** (unchanged, 52 src + 108 legacy)
- **Working tree clean** (only heartbeat files)
- **Google OAuth still expired** — the main actionable item
- **Freeze test data** still blocked on Sheet write creds
Done. No changes since the last heartbeat — everything is stable:

- **3 items need attention**: Google OAuth re-auth, 160 TS errors (unchanged), freeze test data still blocked on credentials
- **Working tree** is clean, **main** branch up to date
- **2 stale stashes** can be dropped when convenient
API Error: Stream idle timeout - partial response received
Done. Quick summary: **nothing changed since yesterday** — same 160 TS errors, clean working tree, Google OAuth still expired. No new non-heartbeat commits since the Reports nav link on Apr 13.
Done. No changes since the last check — everything is the same:

- **160 TS errors** (unchanged)
- **Google OAuth** still expired (blocks Calendar/Gmail checks)
- **Freeze test data** still blocked on Sheet write creds
- **Working tree** clean, no new commits today
Done. No changes since yesterday — everything is steady. Three items still need attention:

1. **Google OAuth** — re-authenticate to restore Calendar/Gmail in overnight checks
2. **160 TS errors** — unchanged (52 src/ + 108 legacy)
3. **Freeze test data** — still blocked on Sheet write credentials
Done. No changes since this morning's heartbeat — everything is the same:

- **160 TS errors** (unchanged)
- **Google OAuth** still expired (blocking Calendar/Gmail checks)
- **Freeze test data** still blocked on Sheet write creds
- **Working tree** clean, no new commits today
Done. No changes since this morning's check — everything is steady:

- **160 TS errors** (52 src + 108 legacy) — unchanged
- **Google OAuth** still expired — overnight checks won't work until you re-authenticate
- **Freeze test data** still blocked on Sheet write creds
- **Working tree** clean, 2 stale stashes you can drop anytime
Done. No changes since the last check — everything is the same:

- **160 TS errors** (unchanged)
- **Google OAuth** still expired (blocking Calendar/Gmail checks)
- **Freeze test data** still blocked on Sheet write credentials
- Working tree is clean, no new commits since yesterday's Reports nav link addition
Heartbeat written to `briefing/heartbeat-today.md`. Quick summary:

- **Nothing new since last check** — no new commits, TS errors still at 160 (unchanged), working tree clean.
- **Google OAuth still expired** — overnight GitHub Actions checks continue to fail. Calendar/Gmail unavailable until you re-authenticate.
- **Freeze test data** remains blocked on Sheet write credentials.
- 2 stale stashes are safe to drop whenever you like.
Done. Status is unchanged from the last check — no new commits, same 160 TS errors, OAuth still expired. Nothing urgent beyond the standing items already flagged.
Done. No changes since the last check — everything is steady:

- **160 TS errors** (unchanged)
- **Working tree** clean
- **Google OAuth** still expired (blocking Calendar/Gmail checks)
- **Freeze test data** still blocked on Sheet write creds
- 2 stale stashes safe to drop whenever
Done. No changes since yesterday's check — same 160 TS errors, same OAuth issue, clean working tree. The top action item remains re-authenticating Google OAuth to restore overnight Calendar/Gmail checks.
Done. No changes from the last check — everything is stable:

- **3 items need attention:** Google OAuth (still expired), 160 TS errors (unchanged), freeze-test credentials (still blocked)
- **Recent work:** Reports nav link, Alessandro funnel fix, leads table collapse, and several test tracker features
- **Working tree:** clean aside from heartbeat files
Done. No changes since last check — everything is steady:

- **160 TS errors** (unchanged)
- **Working tree** clean
- **Google OAuth** still expired (blocking Calendar/Gmail checks)
- **Freeze test data** still blocked on Sheet write credentials
- 2 stale stashes safe to drop whenever
Heartbeat done. No changes since the last check — same 160 TS errors, clean working tree, OAuth still expired. Briefing written to `briefing/heartbeat-today.md`.
Heartbeat done. No changes since yesterday — same 160 TS errors, clean working tree, OAuth still expired. The three items needing attention remain: Google OAuth re-auth, TS errors, and Sheet write credentials for freeze tests.
Heartbeat written to `briefing/heartbeat-today.md`. Nothing new since yesterday — same 160 TS errors, same OAuth block, same freeze-test credential issue. Working tree is clean, no new commits since the Reports nav link on April 13.
Heartbeat written to `briefing/heartbeat-today.md`. No changes since yesterday — same 160 TS errors, clean working tree, OAuth still expired. Nothing new needs attention.
Heartbeat written. No changes since the last overnight check — same 3 items need attention:

1. **Google OAuth expired** — re-authenticate to restore Calendar/Gmail checks
2. **160 TS errors** — unchanged (52 src/ + 108 legacy)
3. **Freeze test data** — still blocked on Sheet write credentials

Working tree is clean, no new commits since the Reports nav link.
Heartbeat done. No changes since the last check — same 160 TS errors, clean working tree, OAuth still expired. The three open items remain: Google OAuth re-auth, TS errors, and Sheet write credentials for freeze feature.
Heartbeat updated. Nothing new since the last check — same 160 TS errors, clean tree, OAuth still expired. The three items needing attention remain: Google OAuth re-auth, TS errors, and Sheet write credentials for freeze feature.
Heartbeat done. No changes since last check — same 160 TS errors, same 3 blockers (OAuth expired, TS errors, Sheet credentials). Working tree is clean. Briefing written to `briefing/heartbeat-today.md`.
Heartbeat done. No changes since last check — same 160 TS errors (52 src, 108 legacy), clean working tree, 2 stale stashes. The three attention items remain: Google OAuth expired, TS errors unchanged, freeze-test blocked on Sheet credentials.
Heartbeat done. No changes since last check — same 160 TS errors, same 3 blockers (OAuth expired, TS errors, Sheet write creds). Working tree is clean. Added 2 more recent commits to the log that were missing. Nothing urgent beyond the existing items.
Heartbeat done. Nothing changed since yesterday — same 160 TS errors, clean working tree, no new commits. The three standing items remain: Google OAuth expired, TS errors, and freeze-test credentials.
Failed to authenticate. API Error: 401 {"type":"error","error":{"type":"authentication_error","message":"Invalid authentication credentials"},"request_id":"req_011Ca5pPfYrx2ATz91EWUTkv"}
Heartbeat written to `briefing/heartbeat-today.md`. No changes since last check — same 3 blockers: OAuth expired, 160 TS errors (unchanged), freeze feature waiting on Sheet credentials. Working tree is clean, 9 feature/fix commits in the last week.
Heartbeat written. **Nothing new since the last check** — same 160 TS errors (52 src + 108 legacy), clean working tree, Google OAuth still expired. The two stashes are still there and safe to drop whenever you want.
Heartbeat written to `briefing/heartbeat-today.md`. Summary: nothing changed since yesterday — same 160 TS errors, same 2 stale stashes, OAuth still expired. No new commits since the Reports nav link on April 13.
Heartbeat refreshed. Same state as before: OAuth still expired, 160 TS errors unchanged, working tree clean on `main` at 2330197. Nothing new to flag.
Heartbeat written. Nothing urgent — TS errors stable at 160, working tree clean, Google OAuth still expired (calendar/email unavailable), 2 stale stashes safe to drop when convenient.
Heartbeat refreshed. Nothing urgent: clean tree on `main`, no new commits since the Reports nav link, Google OAuth still expired (Calendar/Gmail checks blocked), and 2 stale stashes remain droppable.
Heartbeat written. Nothing urgent — OAuth still expired, freeze test data still blocked, tree clean, no new commits since the earlier check today.
Heartbeat updated. Tree clean on main, no new commits since last check. Google OAuth still expired; 2 stale stashes safe to drop; freeze-test work still blocked on Sheet write credentials.
Heartbeat refreshed for 2026-04-16. No new commits since last check, tree clean. Persistent blockers: Google OAuth expired, freeze-tests awaiting Sheet credentials, 2 stale stashes pending cleanup.
Heartbeat written. Nothing new since last check — tree clean, no new commits, same three open items (OAuth, freeze credentials, 2 stale stashes).
Heartbeat written. Nothing urgent — tree clean, no new commits since 04-13, Google OAuth still expired, 2 stale stashes safe to drop.
Done. Nothing urgent — tree clean, no new commits since 2026-04-13. Google OAuth still needs re-auth for Gmail/Calendar visibility.
Done. Heartbeat updated for 2026-04-16:

- **Nothing urgent** — no new commits since 2026-04-13, working tree clean.
- Carryovers: Google OAuth expired, freeze test data blocked on Sheet creds, 2 stale stashes safe to drop.
Heartbeat written. Quiet day: no new commits in 3 days, working tree clean. Same carryovers as yesterday (Google OAuth expired, freeze test blocked on Sheet creds, 2 stale stashes).
Heartbeat written. Quiet morning: no new commits in 3 days, working tree clean. Carryovers unchanged — Google OAuth still needs re-auth and freeze-test-data still blocked on Sheet write creds.
The briefing for 2026-04-16 is already current and accurate. Git state matches (HEAD 2330197, no new commits since 04-13). No refresh needed.
Heartbeat refreshed. Nothing urgent — clean tree, no commits since 04-13. Carryovers: Google OAuth re-auth needed; freeze-tests still blocked on Sheet write creds.
Heartbeat done. Nothing urgent — 3-day quiet period since the Reports nav commit, tree clean. Two carryovers still open: Google OAuth re-auth and freeze test data Sheet credentials.
Heartbeat refreshed for 2026-04-16. Nothing urgent — clean tree, 3 quiet days since last code commit, two carryovers (Google OAuth re-auth, freeze test Sheet creds).
Heartbeat written. Nothing urgent — quiet 3-day stretch, working tree clean, two carryover items (Google OAuth re-auth, Sheet write credentials for freeze feature).
Heartbeat refreshed for 2026-04-16. Nothing urgent — clean tree on main, last code commit 3 days ago. Two carryovers: Google OAuth expired (blocks email/cal checks), and freeze-test-data feature still blocked on Sheet write creds.
Heartbeat written. Quiet day: no new commits since 04-13, working tree clean, Google OAuth still needs re-auth. The overnight heartbeat cron appears to have stopped — no new `heartbeat: overnight check` commits since 04-13.
Heartbeat written. Repo is quiet since 04-13; two known carryovers (expired Google OAuth, blocked Sheet-write credentials) still pending.
Heartbeat written to `briefing/heartbeat-today.md`. Nothing urgent — repo quiet since 2026-04-13, Google OAuth still expired, freeze-test feature still blocked on Sheet write creds.
Heartbeat updated. Repo quiet (4 days since last code commit), working tree clean, no urgent items. Google OAuth and Sheet write credentials still outstanding as carryovers.
Heartbeat updated. Nothing urgent — repo quiet for 4 days, working tree clean. Carryovers unchanged: Google OAuth expired, freeze-tests blocked on Sheet write creds.
Heartbeat refreshed. Nothing urgent — repo quiet since 04-13, Google OAuth still expired, freeze-tests still blocked on Sheet write creds.
Heartbeat done. Repo quiet (last code commit 04-13), working tree clean. Google OAuth still expired and freeze-test-data still blocked on Sheet write creds — both carryovers. Overnight heartbeats have been paused since 04-13.
Heartbeat written. Key signal: uncommitted branding WIP (new logos + unlock/nav/layout rewrite, ~400 lines) sitting on main since last commit on 04-13. OAuth for Gmail/Calendar still expired.
Heartbeat written to `briefing/heartbeat-today.md`. Nothing urgent — branding WIP shipped today (commit daa0b4d), small Alessandro campaign-pattern tweak on `src/lib/vessel-profiles.ts` awaiting your call to commit. Google OAuth still needs re-auth.
Heartbeat written. Clean tree on code, ALE-001 work from yesterday shipped. One item to triage: untracked `ale-001-formulas.txt` scratch file at repo root.
Heartbeat written. Repo is clean (only `ale-001-formulas.txt` scratch untracked); Google OAuth still expired blocking calendar/email checks; freeze-tests still blocked on Sheet write creds.
Heartbeat refreshed. Nothing urgent:
- Decide on `ale-001-formulas.txt` (delete or move to `briefing/`)
- Google OAuth + Sheet write creds still blocking overnight checks and Freeze tests
- Main is clean, today's commit was ALE-001 tracking + Alessandro Discount LF bucket
Heartbeat refreshed at 15:07. Tree is in sync with origin, nothing new since the morning check — same carryovers (OAuth re-auth, freeze-test credentials, scratch file to clean up).
Heartbeat written to `briefing/heartbeat-today.md`. Nothing urgent — repo in sync with origin, only expected churn plus the `ale-001-formulas.txt` scratch file to clean up. Google OAuth and Sheet-write credentials still need reauth (carryover).
Heartbeat refreshed at 20:23. Nothing new: repo clean and in sync with origin, same three carryovers (ALE-001 scratch file, expired Google OAuth, freeze-tests Sheet creds).
Heartbeat written to `briefing/heartbeat-today.md`. Nothing urgent — main in sync with origin, no new commits since 04-17, same three carryover items (ALE-001 scratch file, Google OAuth re-auth, Sheet write credentials).
Heartbeat updated. Quiet weekend — main in sync with origin, no new commits since 04-17. Same carryovers: scratch `ale-001-formulas.txt` still untracked, Google OAuth still expired, Freeze test feature still blocked on Sheet write creds.
Heartbeat refreshed for 2026-04-19. No drift since the prior run today: branch in sync with origin, no new commits in ~48h, same three carryover items (untracked `ale-001-formulas.txt`, expired Google OAuth, freeze-test-data Sheet write blocker). Nothing urgent.
Heartbeat refreshed for 2026-04-19. No new commits since 04-17, tree clean aside from expected churn and the `ale-001-formulas.txt` scratch file. OAuth and freeze-test blockers still carry over. Note: `.claude/heartbeat-prompt.md` doesn't exist — I used the prior day's structure.
Heartbeat refreshed. Main @ 15fa812, clean/synced, no new commits since 04-17. Carryovers still open: `ale-001-formulas.txt` scratch file, expired Google OAuth, Sheet write creds for Freeze feature.
Heartbeat refreshed for 2026-04-19. Nothing urgent — repo in sync with origin, weekend quiet (last code commit 04-17). Three carryovers still open: ALE-001 scratch file at root, expired Google OAuth, and Sheet-write credentials for the freeze-test feature.
Heartbeat written to `briefing/heartbeat-today.md`. Nothing new since last check: main in sync, 48h quiet, `ale-001-formulas.txt` still untracked, Google OAuth still expired (overnight checks offline).
Heartbeat written to `briefing/heartbeat-today.md`. Quiet state: no new commits since 04-17, ALE-001 scratch file still untracked, Google OAuth still expired.
Heartbeat written. Quiet Monday — no new commits since 2026-04-17, branch in sync with origin, nothing urgent. Three carryover items remain: ALE-001 scratch file, expired Google OAuth, and freeze-test Sheet credentials.
Heartbeat refreshed. All quiet: 3 days since last code commit, main in sync, only expected churn. Three carryover items remain (scratch file, OAuth re-auth, freeze-test credentials).
Heartbeat refreshed for 2026-04-20. Note: `.claude/heartbeat-prompt.md` doesn't exist — used the existing structure. No drift: main in sync with origin, 3 days quiet since 04-17, same three carryovers (ALE-001 scratch file, expired Google OAuth, freeze-test Sheet credentials).
Heartbeat written to `briefing/heartbeat-today.md`. Quiet day — repo in sync with origin, no new commits since 2026-04-17. Same three carryovers (scratch file, OAuth, freeze-tests blocker).
Current `heartbeat-today.md` is already dated 2026-04-20 and accurately reflects state: 0 ahead/0 behind, last commit 2026-04-17 (3 days quiet), `ale-001-formulas.txt` still untracked, OAuth still expired. No refresh needed.

**Summary:** Nothing urgent. 3 days quiet, tree clean apart from carryover scratch file + OAuth re-auth still pending.
Heartbeat written. Quiet day — main still at `15fa812`, no code since 2026-04-17. Three carryover items (ALE-001 scratch file, expired Google OAuth, freeze-test credentials) remain open.
Heartbeat written. Quiet 4th day — no new commits since 2026-04-17. Three carryovers still open: untracked `ale-001-formulas.txt`, expired Google OAuth, and freeze-test Sheet write credentials.
Heartbeat updated. Quiet Monday — main @ 15fa812, in sync, no code activity in 4 days. Three carryover items (ALE-001 scratch file, expired Google OAuth, freeze-tests Sheet creds) still unresolved.
State matches existing briefing — today is still 2026-04-20, no new activity. The file is already current and accurate; no update needed.

**Status:** Day 4 quiet. Main @ 15fa812 in sync with origin. Only heartbeat churn + stale `ale-001-formulas.txt` scratch file. Google OAuth still expired. No drafts created.
Heartbeat written. Note: `.claude/heartbeat-prompt.md` doesn't exist — the template lives at `.claude/skills/heartbeat/templates/heartbeat-prompt.md`. Nothing changed since yesterday's check: still quiet day 4, same three carryovers (ALE scratch file, OAuth, freeze-test creds), tree clean, synced with origin.
Heartbeat written. Key update: code commit `228935d` landed today at 12:22 (ALE-001 source_placement fix), so the "quiet day" status from last night's overnight run is outdated. Carryovers unchanged: scratch file, OAuth, freeze-tests creds.
Done. No new commits since the last check; state mirrors yesterday. Carryovers unchanged: `ale-001-formulas.txt` still untracked, Google OAuth still expired, freeze-test feature still blocked on Sheet write creds.
Heartbeat updated — note `.claude/heartbeat-prompt.md` doesn't exist, so I followed the existing `heartbeat-today.md` format. No new commits since 12:22; only open items are the 3 carryovers (scratch file, OAuth, freeze-tests credentials).
Heartbeat refreshed. No changes since last check — still clean at 228935d, in sync with origin. Same three carryovers: `ale-001-formulas.txt` scratch file untracked, Google OAuth expired, Freeze test data blocked on Sheet write creds.
Heartbeat done. No change since 12:22 — same carryovers (scratch file `ale-001-formulas.txt`, expired Google OAuth, freeze-test Sheet creds). Timestamp refreshed to 14:57 CEST.
Heartbeat refreshed at 16:02 CEST. No change since 14:57 check — main @ 228935d, in sync with origin, same three carryovers (ale-001-formulas.txt scratch file, expired Google OAuth, freeze-test Sheet credentials).
Heartbeat refreshed at 19:41 CEST. Repo is quiet — no new commits since 12:22, main in sync with origin. Same three carryovers persist: `ale-001-formulas.txt` scratch, expired Google OAuth, and freeze-test Sheet write credentials.
Heartbeat written. Nothing urgent — repo quiet for ~12h since ALE-001 fix, main in sync with origin. Three carryovers persist: `ale-001-formulas.txt` scratch at root, expired Google OAuth, Freeze-test-data feature blocked on Sheet write creds.
Heartbeat refreshed at `briefing/heartbeat-today.md` — nothing urgent, same three carryovers (ALE-001 scratch file, Google OAuth, freeze-tests credentials).
Heartbeat updated at 20:14 CEST. Repo is quiet — main in sync with origin, no new commits in ~32h since the ALE-001 fix. Three carryover items still open: untracked `ale-001-formulas.txt`, expired Google OAuth, and blocked freeze-test credentials.
Heartbeat written to `briefing/heartbeat-today.md`. One thing worth flagging: local `main` is 2 commits behind `origin/main` — the overnight cron brain pushed `d1b5ceb` (04-21) and `93518cd` (04-22). Pull before you start editing. Otherwise quiet: no code commits in ~48h, same carryovers as yesterday (OAuth re-auth, `ale-001-formulas.txt` scratch, Sheet write creds for freeze tests).
Heartbeat refreshed at `briefing/heartbeat-today.md`.

**Top signals:**
- Local `main` is 2 commits behind origin/main — pull before editing (overnight cron brain pushed 04-21 + 04-22 briefings).
- Google OAuth broken for **two nights running** — cron brain is blind. Re-auth needed to restore Calendar/Gmail/Todo/Inbox checks.
- ~48h quiet on code since the 04-20 Alessandro Discount LF fix.
- `ale-001-formulas.txt` scratch still untracked.
Heartbeat refreshed. Key signals: local `main` still 2 behind origin (overnight 04-21 + 04-22 commits unpulled), Google OAuth still broken two nights running (no Calendar/Gmail), and `ale-001-formulas.txt` scratch still untracked. No new code activity in ~48h.
Heartbeat written to `briefing/heartbeat-today.md`. Key points:

- **Local main is 2 behind origin/main** — pull to pick up 04-21 + 04-22 overnight heartbeats.
- **Google OAuth broken 2 nights in a row** (`invalid_grant`) — overnight cron is blind until re-auth.
- **No new code since 04-20** (Alessandro Discount LF fix) — ~48h quiet.
- Carryovers: `ale-001-formulas.txt` untracked scratch; Freeze test feature still blocked on Sheet write creds.
Heartbeat refreshed. Key items: local main 2 behind origin (pull needed), Google OAuth broken for overnight cron 2 nights running (re-auth required), plus two carryover items (`ale-001-formulas.txt` scratch, freeze-test Sheet creds).
Heartbeat refreshed. No state change since last check — main still 2 behind origin (unpulled overnight heartbeats), Google OAuth still broken 2 nights running, ~48h quiet on code, same two carryovers (`ale-001-formulas.txt` scratch, freeze-test Sheet creds).
Heartbeat refreshed. No state change since last check — main still 2 behind origin (unpulled overnight 04-21 + 04-22 heartbeats), Google OAuth still broken two nights running, ~50h quiet on code, same two carryovers (`ale-001-formulas.txt` scratch, freeze-test Sheet creds).
Heartbeat refreshed. Key items:

- **2 behind origin/main** — safe fast-forward (just overnight heartbeat commits 04-21 + 04-22).
- **Google OAuth still dead** — 2nd night in a row `invalid_grant` on Calendar + Gmail. Overnight brain is blind.
- **Carryovers:** `ale-001-formulas.txt` scratch file; freeze-test-data still blocked on Sheet write creds.
- No new code activity since 04-20.
Heartbeat refreshed. Nothing new since last local check: 2 commits behind origin (both heartbeat-only, safe to pull), OAuth still broken on overnight cron, ALE-001 scratch file still untracked, no new code since 04-20.
API Error: Stream idle timeout - partial response received
Heartbeat updated at `briefing/heartbeat-today.md` (21:55 CEST). No material change since the 17:23 check:

- **Local 2 behind origin/main** — `git pull` to fast-forward (both pending commits are overnight heartbeats only).
- **OAuth still broken** — 04-21 + 04-22 overnight cron both `invalid_grant` on Calendar + Gmail. Re-auth needed.
- Scratch `ale-001-formulas.txt` + freeze-test-data blocker still carrying over.
API Error: Stream idle timeout - partial response received
Heartbeat written. Key signals:

- **3 nights of `invalid_grant`** on the overnight cron (04-21, 04-22, 04-23) — Google re-auth is the unblock.
- **Local `main` is 3 behind origin/main** — all heartbeat commits, safe `git pull`.
- **04-23 overnight file has a stale template** (dated 2026-03-15, old SS/CRO work) — worth a glance.
- Carryover: `ale-001-formulas.txt` scratch + Freeze test Sheet-write credentials still pending.
Written. Biggest new signal: `src/lib/fuzzy-match.ts` has real uncommitted work (+50 lines of explicit campaign rules mirroring STREAK_PREFIX_MAP, plus an exact-match scoring fix) — the earlier heartbeat missed this and called it "expected churn." Otherwise: still 3 behind origin/main (heartbeat-only), Google auth still down 3 nights, ALE-001 scratch still untracked.
Heartbeat refreshed. No material change since last check:

- **Uncommitted `fuzzy-match.ts`** (+50 lines of explicit campaign rules + exact-match scoring fix) still sitting in working tree — needs commit.
- **3 behind origin/main**, all heartbeat-only — safe `git pull --ff-only`.
- **Google OAuth broken 3 nights running** — cron brain blind until re-auth.
Heartbeat written. Key signals:

- **`fuzzy-match.ts` still uncommitted** (+50 lines of explicit campaign rules + scoring fix) — carryover from yesterday, needs commit.
- **3 behind origin/main** — all heartbeat-only, safe `git pull --ff-only`.
- **No 04-24 overnight entry** in the log yet — OAuth was broken 3 nights running, likely still failing until re-auth.
- Carryovers unchanged: `ale-001-formulas.txt` scratch, freeze-test Sheet creds.
Heartbeat refreshed at `briefing/heartbeat-today.md`. No state change since last check:

- **`fuzzy-match.ts` still uncommitted** (+50 lines campaign rules + scoring fix) — carryover from 04-23, needs commit.
- **3 behind origin/main** — all heartbeat-only, safe `git pull --ff-only`.
- **No 04-24 cron entry yet** — Google OAuth dead 3 nights running; re-auth required.
- Carryovers unchanged: `ale-001-formulas.txt` scratch, freeze-test Sheet creds.
Heartbeat refreshed at 06:30 CEST. No state change since the prior local check:

- **`fuzzy-match.ts` still uncommitted** (+50 lines campaign rules + scoring fix) — carryover from 04-23, needs commit.
- **3 behind origin/main** — heartbeat-only commits, safe `git pull --ff-only`.
- **No 04-24 cron entry** — Google OAuth dead 3 nights running; re-auth required to restore overnight visibility.
- Carryovers unchanged: `ale-001-formulas.txt` scratch, freeze-test Sheet creds.
Heartbeat refreshed at 07:01 CEST. No state change since the 06:30 check:

- **`fuzzy-match.ts` still uncommitted** (+50/-3, explicit campaign rules + exact-match scoring fix) — carryover from 04-23.
- **3 behind origin/main** — all heartbeat-only commits, safe `git pull --ff-only`.
- **No 04-24 cron entry yet** — Google OAuth dead 3 nights running (`invalid_grant`); re-auth needed.
- Carryovers: `ale-001-formulas.txt` scratch, freeze-test Sheet write creds still pending.
Heartbeat refreshed at `briefing/heartbeat-today.md`. No state change since 07:01: `fuzzy-match.ts` still needs commit+push, `main` 3 behind origin (heartbeat-only), 4th overnight OAuth failure imminent unless re-auth. Want me to pull, commit fuzzy-match, and push now?
Heartbeat written to `briefing/heartbeat-today.md`.

Top signals:
- `fuzzy-match.ts` still uncommitted (4th day carryover) — real RULES work, ready to ship
- Google OAuth broken 4 nights in a row — overnight cron runs but all checks fail; re-auth blocks all Calendar/Gmail visibility
- Local main is 4 commits behind origin (all heartbeat commits) — safe `git pull --ff-only` before committing fuzzy-match
Heartbeat written. State unchanged from yesterday's check — two carryovers still blocking:

1. **`fuzzy-match.ts` uncommitted 5 days running** — real work, ready to ship.
2. **Google OAuth `invalid_grant` 4 nights running** — re-auth needed for overnight visibility.
Heartbeat refreshed. No delta since the earlier run today: `fuzzy-match.ts` is still the top action item (day 5 uncommitted, dual-sync with STREAK_PREFIX_MAP), OAuth still broken (4th night), `ale-001-formulas.txt` still at root, freeze-tests still blocked on sheet creds. HEAD 228935d clean vs origin.
Done. Key signals:

- **`fuzzy-match.ts` uncommitted 5th day running** — real dual-sync work for STREAK_PREFIX_MAP sitting in working tree.
- **Local `main` is 4 commits behind `origin/main`** (overnight heartbeats pushed by GH Action). Fast-forward pull needed before committing new work.
- **Google OAuth still broken** (4+ nights `invalid_grant`) — no Calendar/Gmail visibility.
Heartbeat written to `briefing/heartbeat-today.md`.

**Top signals (unchanged from earlier today):**
1. `fuzzy-match.ts` — 5th day uncommitted, ready to ship
2. Local `main` 4 commits behind origin — pull before pushing
3. Google OAuth expired 4+ nights — no email/calendar visibility

Want me to pull, commit `fuzzy-match.ts`, and push now?
